300 44463
107 253
246 267
16 216
222 267
98 235
151 272
136 183
41 286
190 249
64 194
3 161
111 133
183 296
44 165
57 210
79 216
29 115
110 112
54 191
151 226
43 126
18 277
43 48
59 115
32 291
22 104
136 196
17 250
83 189
269 273
200 287
158 242
127 140
150 196
83 131
39 298
1 298
21 34
190 195
124 274
111 166
16 205
88 288
141 265
32 199
114 290
126 128
134 268
32 212
27 73
62 64
103 226
110 125
71 127
154 156
14 206
27 182
53 229
126 300
88 228
62 75
88 188
141 262
69 230
47 293
24 258
41 268
166 239
110 218
84 255
108 220
63 210
57 242
35 101
277 294
15 280
103 215
120 136
7 65
66 140
182 299
97 141
54 193
49 77
50 264
40 88
75 274
147 166
43 244
144 252
156 161
26 285
29 147
220 284
9 265
44 289
4 286
115 245
165 240
5 153
16 262
156 280
17 260
70 150
58 101
230 247
45 266
96 203
98 165
103 120
4 104
91 294
5 271
13 125
131 255
114 239
82 142
139 246
151 163
124 131
152 286
188 229
35 63
173 266
88 96
50 107
85 124
64 219
167 248
266 279
100 188
129 154
18 276
143 222
40 217
117 256
87 157
28 91
96 128
100 228
71 186
116 221
119 132
43 221
31 132
132 279
150 270
112 227
20 98
85 243
48 86
119 200
16 221
39 68
57 248
20 151
39 246
58 128
55 139
142 153
77 226
206 295
80 295
57 105
11 210
127 195
241 275
216 281
31 158
267 298
116 235
76 245
174 281
279 300
93 246
114 241
24 282
81 157
129 232
14 117
49 270
132 247
93 250
114 260
91 105
71 103
154 274
57 90
63 267
101 160
175 287
144 223
247 294
106 214
112 128
12 282
239 291
42 219
69 275
76 167
104 127
40 142
16 46
156 217
92 116
66 177
81 185
173 270
191 298
62 267
79 170
66 197
47 93
135 267
53 189
165 208
123 214
155 238
235 246
80 85
154 249
75 277
85 259
72 237
10 285
185 278
82 198
92 100
4 146
104 109
32 37
1 124
55 180
41 235
95 157
194 259
104 286
35 287
104 156
77 242
90 222
1 195
32 269
58 248
217 243
70 224
63 234
60 212
77 95
54 129
6 178
129 292
10 107
67 87
207 225
65 189
11 36
19 252
185 241
102 264
40 79
1 291
88 215
71 167
29 296
272 276
1 29
48 295
75 229
40 48
35 243
173 293
53 241
7 194
39 268
65 296
75 189
132 208
32 73
164 252
161 162
218 236
67 292
75 82
104 122
87 155
119 244
18 240
38 231
23 296
133 141
93 99
186 187
125 178
143 182
66 148
265 280
268 285
185 252
113 270
208 299
152 206
129 219
57 280
192 284
188 212
1 61
57 264
93 259
52 208
181 294
39 103
153 186
170 173
110 136
98 105
179 292
200 258
118 275
115 153
133 169
136 224
168 193
103 194
99 149
35 275
14 276
22 193
258 279
202 282
229 291
44 56
11 217
57 273
61 297
187 228
113 277
117 299
60 198
67 287
78 161
25 245
110 113
186 284
187 188
22 242
8 263
117 277
166 282
166 223
92 95
23 259
29 174
131 142
174 188
64 215
19 38
13 262
128 181
51 173
47 70
135 171
118 281
82 178
158 299
89 115
74 175
146 226
68 143
29 238
97 245
159 164
12 54
78 219
107 280
118 211
24 256
37 170
4 18
120 294
129 204
51 242
18 155
108 240
35 232
175 215
129 142
130 293
27 214
25 141
43 187
47 77
38 47
162 300
84 228
69 91
31 144
56 245
237 253
111 291
22 118
207 248
178 195
35 53
3 192
48 244
175 212
97 237
41 232
87 94
17 119
20 274
124 237
44 299
1 137
134 281
97 251
216 287
45 294
50 242
11 21
110 219
41 197
199 292
29 180
265 296
15 297
183 240
56 181
31 104
186 254
176 193
3 171
78 124
72 118
212 286
73 282
237 286
117 187
185 236
30 209
34 153
162 218
70 262
201 222
30 297
84 267
6 147
54 249
80 112
161 278
127 156
53 57
32 63
65 222
168 205
80 287
49 235
31 53
160 184
94 266
83 92
10 243
15 69
64 88
54 141
115 278
128 295
31 192
115 254
19 97
104 151
17 223
70 285
94 201
106 159
279 287
210 225
64 153
20 62
107 113
173 225
99 245
121 291
136 148
47 297
128 273
38 153
30 130
53 66
51 193
1 22
147 200
148 152
227 233
107 266
91 211
1 127
122 230
167 193
269 300
23 177
1 232
122 160
22 128
188 225
166 286
176 197
234 260
145 244
60 185
107 245
104 267
131 278
212 291
10 69
95 136
160 173
27 59
89 284
96 118
93 296
92 110
1 299
31 87
16 79
61 182
194 206
111 273
200 205
33 263
164 178
59 194
49 277
179 277
96 265
74 144
98 292
192 300
154 209
149 166
118 131
84 207
106 247
172 211
39 250
197 296
91 171
132 180
109 113
63 227
62 269
150 274
29 218
94 273
6 15
215 281
40 246
128 177
72 246
199 282
3 119
88 91
45 251
55 97
114 298
16 272
188 227
196 296
111 160
113 204
87 249
112 195
69 182
92 115
86 196
94 274
173 226
137 298
85 116
37 41
42 284
126 205
101 182
127 284
31 63
247 263
144 200
108 110
80 215
105 297
46 222
112 260
100 165
199 286
102 253
102 129
51 236
171 193
117 125
145 184
57 286
47 179
210 211
41 125
72 251
172 279
85 264
93 120
30 83
187 190
58 236
25 284
77 140
54 143
184 282
101 164
12 277
61 218
264 271
142 198
103 261
129 189
11 188
28 46
26 195
43 52
6 108
7 256
191 276
86 211
54 248
80 288
203 212
58 179
119 230
6 40
208 297
92 123
1 241
10 201
149 213
75 106
34 292
36 171
280 288
160 259
86 273
130 232
162 298
1 295
52 150
6 258
206 287
90 223
93 162
21 29
47 195
151 256
43 233
55 269
14 79
16 135
75 178
161 204
188 196
9 113
30 216
28 150
202 235
122 228
159 258
110 298
110 130
19 130
97 123
62 225
15 278
12 162
151 193
99 124
175 250
13 79
52 155
92 134
141 222
25 186
237 283
141 224
129 205
98 224
146 202
219 258
1 262
21 31
175 211
132 205
14 142
193 216
242 255
89 278
50 234
176 265
165 166
27 33
21 167
45 183
122 233
209 269
41 67
91 138
58 157
149 261
46 242
84 284
68 262
11 282
7 169
119 253
140 141
208 224
283 298
118 130
135 174
94 124
3 201
203 259
87 245
118 274
133 139
4 276
63 79
174 270
61 87
64 195
229 274
25 176
123 237
159 282
108 117
194 268
205 300
178 251
136 200
52 57
45 126
11 54
97 199
208 282
210 223
93 166
19 103
266 268
90 217
17 70
2 244
138 154
105 151
137 198
36 74
87 97
245 297
2 75
203 271
149 219
24 254
97 194
10 141
253 287
103 251
219 283
101 263
45 299
39 128
119 188
197 246
76 295
168 228
13 46
109 112
53 254
60 151
144 278
133 171
141 196
202 270
141 297
115 285
24 156
146 173
13 243
60 175
73 234
261 271
201 257
133 177
232 254
17 149
207 232
12 199
53 172
157 293
84 231
71 179
69 92
39 244
27 235
79 217
43 191
129 255
5 274
4 189
51 59
70 204
122 199
9 65
146 251
60 205
21 214
37 122
221 271
61 134
158 261
90 240
153 178
4 156
193 256
128 197
174 190
110 286
33 197
35 289
106 208
82 94
100 176
195 287
169 300
73 74
69 163
169 248
11 198
146 214
48 278
78 218
3 9
91 118
209 229
136 245
79 182
14 211
60 285
165 199
36 249
5 198
27 206
49 121
219 296
136 291
10 23
32 99
63 269
163 248
25 100
91 120
87 296
46 243
196 291
51 125
152 159
22 119
78 287
98 192
142 228
192 290
137 278
58 166
116 275
47 155
40 213
221 283
36 283
127 218
52 300
72 112
78 201
53 170
41 55
44 171
21 295
69 117
9 270
16 124
199 260
106 233
139 286
51 67
156 162
123 162
202 296
128 253
73 157
18 21
6 128
98 217
77 134
18 293
66 124
36 251
126 254
48 123
57 108
92 248
128 151
27 278
119 263
172 178
14 33
81 195
146 257
134 149
3 188
5 255
239 245
96 214
29 173
15 234
117 184
68 265
137 266
290 300
278 285
135 265
239 264
81 295
260 285
99 102
278 283
106 155
10 284
171 243
70 151
5 119
288 289
145 223
132 146
27 69
238 264
68 110
15 281
32 129
92 276
37 104
245 258
57 100
25 139
9 86
63 99
118 240
65 69
55 57
193 278
203 292
1 8
107 173
141 155
52 102
136 192
188 201
84 122
47 282
46 97
85 202
75 241
29 200
161 185
104 184
204 263
64 267
18 63
45 272
183 287
164 227
30 99
98 221
145 282
109 147
60 209
142 290
76 112
106 163
64 292
88 235
172 300
182 223
187 213
145 206
78 297
76 291
63 140
88 186
190 210
182 295
178 242
135 219
93 260
4 231
84 237
233 238
70 113
97 250
39 78
265 273
216 253
3 92
211 236
5 41
180 185
21 24
92 260
76 267
160 268
126 150
180 195
115 247
2 211
113 199
30 214
219 282
102 133
182 266
2 212
15 183
121 168
106 206
38 75
92 210
221 291
230 244
35 279
96 179
243 281
26 116
67 276
181 202
23 187
33 217
52 230
91 214
44 166
73 278
10 293
39 109
193 280
11 205
10 268
46 203
36 278
13 65
236 280
73 258
69 106
137 247
233 280
3 147
289 291
75 115
165 185
95 184
103 292
42 264
160 261
210 275
113 128
32 275
51 206
65 238
85 258
114 116
22 140
102 295
47 73
286 300
33 104
61 198
90 245
98 227
70 297
50 108
75 237
198 252
21 143
40 299
2 114
25 251
212 239
120 255
81 259
222 247
154 178
62 91
147 172
8 238
200 252
226 263
114 258
2 77
72 260
11 27
107 186
22 266
20 44
56 146
97 224
125 220
30 273
8 61
31 299
36 199
4 37
26 254
6 214
139 217
35 264
197 276
11 60
10 192
68 108
23 74
92 180
61 265
67 97
117 161
218 273
222 288
113 288
24 288
197 281
73 127
16 33
17 65
97 200
7 178
92 152
192 251
91 242
65 269
4 107
168 261
86 105
42 256
88 115
34 198
105 208
71 282
12 221
32 292
23 106
32 167
68 163
107 215
50 52
2 272
74 240
186 200
143 221
60 284
107 220
174 217
119 167
61 180
62 124
232 260
95 243
177 241
190 271
159 225
122 232
52 156
219 261
100 286
30 89
51 218
216 220
55 90
22 136
24 110
151 192
206 261
70 300
180 234
112 277
31 155
196 254
70 107
56 226
197 268
56 258
4 131
76 199
6 42
252 279
198 247
38 297
7 257
118 279
30 199
156 209
165 219
134 236
76 278
38 207
19 267
68 232
38 264
123 199
120 248
83 168
57 255
43 161
47 185
9 198
128 248
107 136
31 217
28 180
26 127
180 289
127 287
90 226
10 65
56 113
28 233
13 201
251 282
105 119
132 286
59 227
94 195
55 201
57 62
156 167
25 292
199 277
57 226
81 285
246 284
162 188
49 294
81 224
272 277
2 250
3 254
203 237
153 260
23 210
5 226
187 203
23 183
61 259
145 251
26 79
6 58
5 14
40 96
113 159
215 275
126 171
202 215
190 270
91 275
5 49
204 269
143 289
9 56
35 194
69 267
138 256
163 247
77 89
5 11
61 170
12 209
29 60
18 188
3 239
37 105
55 146
33 230
3 214
119 255
113 178
57 211
110 245
67 159
104 198
77 211
247 255
29 230
109 225
126 151
90 132
43 111
146 209
17 227
223 264
182 265
53 95
72 79
133 257
218 281
69 193
180 256
117 139
180 243
182 212
134 187
6 106
162 271
174 214
10 246
80 204
55 178
95 230
203 208
6 26
74 260
27 46
3 204
57 258
68 182
14 273
6 266
90 290
261 294
12 233
9 160
5 295
85 229
121 157
37 139
230 279
2 148
27 130
66 208
185 283
209 237
18 136
197 242
48 55
244 288
143 286
42 230
138 176
38 145
215 247
133 170
209 282
254 262
166 227
48 289
17 233
81 97
162 284
11 142
102 172
35 131
97 253
169 227
42 218
19 202
7 99
120 246
175 233
103 300
22 188
27 293
47 266
29 203
27 270
8 180
138 284
116 271
95 207
181 183
241 280
48 189
39 142
63 115
52 70
19 44
3 257
80 100
187 234
1 160
197 293
30 167
138 200
161 171
174 238
115 264
40 238
265 276
171 201
210 286
16 50
39 247
48 227
146 238
172 238
122 126
14 91
118 123
83 234
37 277
151 155
50 117
43 297
28 63
51 110
7 185
73 291
220 294
210 238
163 166
24 202
256 300
126 175
106 131
33 272
80 191
85 158
137 190
29 84
260 276
116 298
71 297
198 236
7 75
77 187
57 218
125 212
209 296
59 124
65 260
11 283
33 279
23 121
106 255
111 164
218 265
59 102
36 280
47 124
22 269
29 256
77 94
125 283
265 291
15 18
49 208
130 193
73 90
200 242
26 40
105 243
202 262
27 222
78 136
113 268
18 282
86 260
128 234
106 280
58 260
81 208
28 131
195 224
200 232
24 162
212 270
121 195
85 169
81 141
132 202
20 225
135 241
131 154
67 256
159 296
89 275
9 278
39 269
55 240
146 253
179 243
36 295
115 300
50 80
239 254
57 277
105 282
135 239
220 287
195 298
202 285
133 244
18 181
58 90
32 83
143 258
170 205
8 190
120 258
24 85
26 209
233 285
195 215
231 238
124 269
98 163
71 182
137 259
205 291
69 203
211 217
63 158
36 279
47 279
35 284
209 215
54 70
144 236
220 273
116 288
121 217
178 273
95 97
7 260
176 249
8 141
66 87
69 180
80 125
105 256
220 277
11 96
136 265
4 65
212 261
182 272
33 90
77 84
232 287
41 53
109 121
124 203
18 173
91 296
204 292
80 166
146 159
4 300
11 58
145 222
251 274
29 141
15 24
19 169
166 252
213 254
76 271
52 215
137 228
154 299
93 161
132 297
203 276
16 115
94 119
124 266
82 188
95 267
14 176
156 183
189 215
97 266
290 297
264 293
156 175
8 226
94 243
12 166
37 68
154 208
110 192
114 209
149 295
60 139
133 163
23 30
143 297
201 281
109 185
132 183
69 84
273 293
60 73
84 298
183 217
142 187
8 151
127 262
55 82
34 178
73 243
14 86
41 205
18 35
51 140
153 265
222 263
86 201
143 259
5 8
264 298
62 245
1 92
238 266
126 226
55 65
33 114
142 205
32 127
180 266
89 176
31 95
238 287
236 269
24 200
90 269
130 197
1 64
35 81
190 276
129 291
228 286
117 290
150 265
154 195
153 202
155 290
29 255
98 133
36 163
131 217
24 26
133 187
81 210
143 188
167 227
3 131
21 66
45 217
42 209
146 174
12 190
24 102
5 148
135 212
198 256
199 214
52 297
132 262
129 174
79 300
14 121
103 267
253 255
72 203
254 266
74 228
97 149
17 292
133 149
88 92
16 181
113 275
169 185
33 42
32 187
127 247
152 258
23 69
37 133
40 141
19 176
53 116
35 208
177 271
43 110
120 161
132 258
26 174
57 176
2 102
178 185
162 203
14 204
82 297
75 168
127 201
145 152
151 236
114 207
113 177
83 109
121 136
13 62
15 52
21 257
153 255
167 190
37 39
123 124
7 35
95 150
56 213
149 182
148 155
203 283
4 203
48 293
100 181
253 261
2 198
165 248
47 274
1 225
43 170
134 140
49 83
26 300
103 233
138 263
22 48
91 190
158 175
9 21
112 205
21 223
34 100
50 210
34 49
220 274
7 29
43 179
87 216
121 271
174 298
87 260
63 242
121 196
95 238
246 261
4 242
164 244
10 197
34 234
66 182
112 263
75 126
61 241
40 206
53 73
11 226
54 242
89 168
4 5
92 245
25 172
5 55
138 233
86 138
111 252
161 240
160 215
1 47
20 73
163 236
186 210
67 285
131 243
13 104
31 52
63 143
158 241
175 182
34 183
6 224
84 242
96 277
113 233
157 275
35 267
248 262
22 43
129 136
44 204
9 77
10 248
42 206
23 139
108 282
21 55
83 248
268 286
91 278
55 98
45 98
112 137
81 227
27 155
175 196
244 299
52 125
71 154
67 154
13 276
186 198
210 250
119 277
2 268
188 189
98 130
6 229
201 265
146 242
130 139
68 194
177 284
86 203
110 265
214 290
30 97
35 44
56 189
155 281
95 217
38 269
216 267
83 195
173 199
25 164
12 183
92 199
79 115
134 233
134 216
35 179
162 163
11 88
54 110
176 183
7 46
114 225
184 223
83 134
51 109
9 194
45 257
51 130
192 254
168 284
102 289
23 274
9 162
28 198
106 142
71 272
172 239
117 162
79 144
23 152
29 93
159 178
160 186
162 260
86 107
95 275
110 294
60 62
83 97
144 251
1 55
119 292
182 200
189 283
148 290
77 158
143 295
5 275
99 157
151 299
16 61
28 295
241 295
226 245
175 236
137 189
126 296
1 109
165 257
59 207
96 291
37 243
101 247
75 231
83 161
12 247
189 239
66 181
6 65
128 285
8 155
158 164
167 175
93 147
88 276
137 158
174 180
58 93
207 226
72 191
120 208
1 178
113 258
189 212
251 284
13 41
142 264
67 92
144 201
213 249
45 123
16 194
68 86
32 164
29 202
112 261
8 87
230 278
27 77
144 263
31 182
72 81
152 259
210 214
18 150
41 126
150 228
3 174
200 233
94 136
121 276
63 145
179 273
66 167
53 118
76 290
112 255
159 195
41 83
56 60
241 242
72 146
229 267
41 92
37 132
25 147
16 150
52 86
34 248
201 295
42 132
273 278
95 99
12 204
189 285
201 271
249 292
146 186
37 141
190 200
90 255
30 283
176 191
78 115
184 277
76 82
3 78
140 266
92 136
110 299
46 122
106 229
84 195
60 278
17 231
24 181
163 213
18 92
70 267
63 83
53 186
18 202
168 175
263 268
187 229
177 200
56 107
94 183
272 300
83 118
242 273
59 216
52 91
225 226
55 282
213 296
119 220
33 49
108 300
128 225
93 127
103 177
14 167
59 267
76 260
210 265
47 158
30 180
63 75
134 264
242 251
216 285
8 129
1 192
38 150
185 288
166 242
58 68
149 201
1 3
148 237
4 209
127 135
170 202
109 269
109 279
8 235
16 141
1 158
111 124
28 171
102 149
65 134
136 204
148 218
258 271
181 222
82 195
146 243
46 131
110 120
203 242
132 153
40 203
40 126
67 155
102 189
35 254
57 89
67 261
158 292
118 285
172 199
75 227
5 149
169 247
235 274
37 57
13 81
86 176
28 300
215 240
11 136
56 229
113 299
19 259
7 109
193 276
31 186
21 80
66 131
217 230
251 272
49 280
272 296
48 269
98 187
105 128
206 232
32 276
61 276
19 27
144 292
30 39
130 222
69 285
97 202
34 299
63 218
53 75
88 289
89 135
123 288
45 222
136 187
113 117
155 287
65 147
163 280
234 239
166 289
99 299
130 230
46 197
207 278
31 279
47 286
59 202
20 257
238 252
73 261
55 279
6 221
113 161
15 108
143 239
141 289
106 192
133 268
94 108
199 249
109 218
28 136
126 235
115 182
161 253
14 88
36 254
252 280
11 99
56 143
97 168
15 47
75 253
89 109
88 105
105 152
54 74
146 288
56 62
175 251
127 146
233 237
76 287
21 179
127 152
15 271
237 292
92 178
165 198
32 206
237 284
24 117
55 253
144 190
191 248
46 169
12 251
155 289
52 67
33 80
79 192
91 110
229 277
3 111
50 160
9 277
39 267
61 289
102 245
92 231
150 151
198 218
160 168
55 92
81 137
94 178
81 86
67 189
254 275
257 269
79 128
33 120
25 258
150 296
91 116
65 74
212 294
163 292
87 294
71 126
91 241
40 179
27 282
74 78
111 254
20 109
69 233
240 242
11 250
107 162
4 171
158 282
35 283
213 275
45 73
36 117
46 164
7 270
110 284
103 143
37 100
182 184
102 196
163 297
99 103
33 253
185 254
219 278
162 211
47 122
123 149
73 284
122 157
17 280
241 277
104 258
208 229
222 227
168 262
165 202
69 288
119 296
187 253
100 154
40 195
29 291
124 246
26 194
120 282
3 135
102 156
25 177
5 283
53 228
123 200
2 47
190 250
272 282
86 263
143 208
32 166
63 237
138 173
113 136
14 107
34 69
48 208
205 279
9 298
1 90
122 236
141 143
81 272
42 236
216 226
74 123
162 278
162 289
36 121
120 169
38 265
126 200
20 54
58 86
177 180
72 82
194 260
84 166
142 155
270 274
162 266
83 105
1 272
152 271
13 192
165 200
139 175
15 151
110 195
128 288
107 249
144 274
166 230
111 116
134 171
7 121
115 235
15 16
9 93
232 245
155 190
132 261
63 149
42 52
69 254
167 209
12 254
66 238
124 162
3 37
54 79
119 270
149 259
94 232
106 145
160 286
34 125
227 266
95 102
67 203
41 251
86 121
223 294
203 286
88 179
47 183
2 68
116 216
158 243
138 261
206 262
48 178
101 259
36 164
283 294
67 134
206 209
143 198
43 46
127 179
90 216
213 235
192 258
189 293
262 278
173 186
12 133
187 269
25 226
269 290
27 291
41 218
118 190
119 135
73 169
17 271
33 97
79 129
39 137
182 276
47 300
81 282
46 138
66 207
285 289
208 261
78 116
20 280
136 212
59 292
177 261
50 174
10 28
45 170
49 293
127 168
119 149
226 236
61 240
141 276
204 294
65 227
148 273
176 189
40 112
9 131
255 286
88 144
113 119
144 226
213 290
172 231
91 191
204 293
131 219
4 21
13 122
133 210
41 47
54 176
28 193
178 219
188 270
38 113
215 249
51 245
79 173
23 284
161 169
31 268
46 223
12 43
65 221
180 232
246 287
106 217
8 117
48 98
127 253
233 253
21 61
72 97
154 174
3 240
65 217
149 248
103 121
14 147
79 185
134 244
43 239
67 76
17 165
202 231
60 211
70 157
138 265
122 131
46 91
4 293
199 268
191 285
174 197
13 296
28 282
71 243
11 272
114 154
88 287
20 213
27 131
167 270
172 272
28 65
136 263
192 208
153 221
65 98
97 186
126 183
52 182
101 107
178 180
256 273
169 274
11 117
231 257
219 233
57 113
7 276
24 71
19 190
50 134
5 81
217 276
166 199
76 297
90 210
129 263
171 270
207 261
112 204
223 246
61 172
113 242
155 250
79 221
74 267
59 147
256 299
20 207
261 274
119 281
78 95
120 132
32 234
106 183
54 296
150 240
72 113
2 230
112 168
177 219
149 272
40 286
2 13
94 287
97 131
42 63
185 192
85 111
210 231
26 295
92 286
101 153
73 227
67 140
62 123
234 299
125 164
216 255
183 281
74 223
21 190
146 227
98 106
19 293
97 118
64 149
27 53
11 200
17 143
115 162
46 180
122 169
33 82
32 175
3 73
57 299
26 50
119 141
103 263
83 137
41 265
111 140
5 291
141 167
148 254
106 177
78 94
26 223
1 201
90 166
30 166
68 117
112 160
54 150
19 65
240 241
4 60
46 257
60 300
73 97
45 60
197 294
83 133
87 93
218 228
119 233
133 277
40 247
129 268
43 299
54 117
39 264
45 207
81 160
151 260
85 218
188 287
146 162
105 154
69 85
78 251
45 216
16 143
111 141
139 245
63 137
66 220
77 161
31 147
225 253
187 231
230 234
161 181
69 177
127 169
162 286
156 296
35 178
211 296
21 276
197 247
95 130
139 143
113 256
139 248
31 46
132 143
188 218
43 206
92 282
80 276
156 273
50 263
119 198
36 180
180 213
132 241
210 249
155 239
157 236
147 207
147 229
118 166
5 127
41 78
38 182
71 166
66 129
159 262
124 198
74 177
28 230
163 258
69 173
222 238
95 188
25 266
51 100
14 289
1 210
66 246
78 142
21 247
135 262
27 62
153 279
3 251
171 281
147 218
82 204
224 239
267 292
5 43
165 228
64 171
225 239
2 255
135 148
180 200
22 42
116 269
144 286
157 286
197 298
143 206
143 154
24 46
169 259
65 127
18 244
107 265
29 118
183 262
116 203
51 201
95 154
92 181
137 151
70 263
172 173
2 65
232 295
272 289
91 168
59 70
10 170
75 185
87 240
200 218
235 283
81 128
173 244
100 135
210 278
124 299
158 237
52 147
108 118
172 248
217 223
28 299
54 234
5 75
75 226
152 288
37 86
7 224
92 275
196 237
97 280
118 185
20 126
150 206
31 170
263 286
111 184
49 153
7 163
218 251
38 73
116 239
105 211
101 152
14 256
77 285
33 183
98 113
58 253
119 258
4 113
176 213
71 238
54 146
63 164
25 29
42 62
15 191
219 221
71 268
65 122
234 265
245 275
116 149
44 120
97 289
273 287
184 241
67 85
95 297
25 253
136 147
57 119
9 107
185 209
48 70
99 252
73 204
124 229
70 160
112 202
86 194
8 16
7 28
204 210
110 273
139 227
8 222
11 154
159 191
77 283
1 118
46 75
89 170
88 166
44 170
9 139
184 218
71 261
94 226
80 298
180 212
151 167
96 253
9 230
122 147
91 152
20 216
138 276
59 136
123 188
232 275
179 181
21 282
8 273
56 281
124 222
127 220
108 227
25 283
197 202
268 295
11 140
102 130
27 283
58 132
17 135
19 73
90 177
99 138
37 106
81 293
104 217
118 142
117 195
239 274
30 265
7 70
189 280
34 43
10 78
131 143
56 180
76 268
151 290
54 216
38 290
58 82
81 189
130 162
92 132
86 282
223 234
82 115
95 209
226 258
127 189
113 195
63 178
169 224
204 287
13 129
123 198
95 262
31 241
234 252
103 236
114 295
150 227
13 247
39 122
139 279
44 249
120 182
2 59
38 173
175 268
134 193
212 274
30 181
44 130
7 172
195 223
111 278
88 299
100 187
36 253
113 269
5 196
211 223
63 81
13 298
175 244
231 233
116 265
75 194
44 208
86 268
147 204
59 118
136 259
119 139
84 153
226 265
113 273
171 242
237 276
14 196
45 78
168 183
54 78
213 223
121 213
102 283
120 193
76 294
14 269
216 232
134 163
72 288
143 165
129 144
213 233
199 291
55 236
164 209
176 194
244 289
133 167
189 210
54 148
45 91
164 224
26 80
37 276
101 168
11 236
117 159
98 191
275 283
116 136
133 215
144 207
36 277
278 293
16 214
104 200
54 169
98 178
3 178
174 220
9 11
174 243
126 259
139 200
26 200
29 219
22 153
168 186
247 273
7 273
9 193
210 224
55 63
9 119
106 232
97 217
151 157
79 231
225 242
24 152
111 112
139 280
32 35
85 253
97 133
47 271
76 253
170 227
87 226
88 253
11 294
237 243
25 231
136 232
60 102
3 199
85 138
171 225
186 220
51 219
27 48
139 166
24 135
62 264
59 180
183 259
134 241
160 190
68 170
53 256
54 134
97 103
138 195
124 176
263 280
179 272
89 185
50 109
78 253
59 293
231 232
27 43
6 11
98 153
6 115
63 188
144 203
253 264
16 217
67 183
127 170
87 115
36 263
78 217
74 275
93 109
131 281
8 57
190 211
92 186
94 288
27 223
199 221
86 129
157 201
87 276
6 259
18 255
20 299
68 105
96 240
89 226
123 263
58 104
99 203
65 209
5 152
44 112
29 100
41 94
181 221
89 93
12 257
153 270
77 166
133 194
180 220
228 257
38 253
50 223
107 190
36 192
16 225
2 237
14 152
277 283
79 136
98 183
24 92
131 166
90 121
6 134
74 97
123 141
27 135
64 248
101 167
46 208
108 146
60 252
169 241
66 270
15 32
199 211
116 128
26 128
46 217
232 237
11 230
186 234
162 240
91 177
140 261
226 246
4 118
12 45
180 204
15 124
85 269
151 297
25 168
105 249
91 286
86 202
59 174
44 52
65 85
30 111
79 80
2 14
127 228
16 275
51 293
193 240
249 274
7 144
32 176
200 255
26 230
227 275
39 258
21 84
189 262
70 255
126 231
4 282
106 298
136 292
100 240
80 138
155 228
26 66
240 262
229 297
24 196
132 209
49 201
22 252
62 229
1 231
62 146
274 285
225 246
185 246
282 285
3 133
232 248
159 173
128 298
1 129
69 210
196 271
187 249
94 163
141 270
4 186
223 263
12 170
24 139
107 135
38 165
6 272
9 211
11 243
49 212
66 169
8 132
242 296
14 128
210 232
41 300
71 139
173 198
173 251
206 229
23 31
184 204
101 258
104 213
42 291
226 250
129 147
14 213
140 246
36 100
58 223
130 200
119 193
33 180
116 194
6 240
187 286
10 234
52 58
100 253
90 272
39 54
172 236
210 245
59 142
43 176
10 166
1 43
28 205
116 146
26 46
12 101
44 225
262 287
157 223
153 214
154 283
10 87
271 279
6 23
2 236
279 289
128 272
24 274
198 265
117 202
20 298
53 258
146 254
1 255
60 190
13 135
73 237
88 269
131 220
250 265
171 229
71 86
141 194
243 289
225 230
182 221
124 249
107 108
117 152
68 97
58 184
187 273
73 281
256 266
138 219
145 269
147 248
137 155
51 278
53 262
107 299
142 268
234 236
189 252
206 228
130 167
104 164
65 229
161 243
222 297
39 201
124 141
132 214
3 230
179 246
107 211
3 253
172 257
84 155
81 92
3 162
145 220
58 120
33 125
69 120
191 287
45 141
46 54
59 245
182 260
169 196
41 93
103 153
34 156
153 209
151 270
72 206
20 108
85 173
173 282
122 182
186 189
131 156
88 290
148 234
163 173
8 139
127 190
84 168
8 83
122 142
72 240
96 145
50 135
85 92
189 237
202 272
145 156
102 207
43 264
5 42
76 83
86 288
131 268
100 185
30 228
43 226
5 287
101 228
67 104
49 126
30 226
17 141
102 237
18 110
206 294
117 147
49 110
74 128
23 81
18 30
20 103
64 165
128 286
95 159
130 184
152 202
244 266
76 273
273 289
56 278
72 147
135 266
174 283
234 276
51 177
23 131
89 153
117 226
137 288
61 150
222 234
78 182
37 174
88 95
84 198
36 59
38 224
99 238
277 284
119 219
167 277
265 294
95 101
287 298
62 295
56 247
133 261
29 133
53 264
97 214
118 225
15 40
92 130
94 172
61 165
30 211
262 285
177 196
166 190
94 210
21 272
45 198
133 178
152 221
244 248
110 222
243 271
13 155
200 239
69 281
103 277
1 4
77 154
7 201
244 250
75 202
67 299
125 179
34 185
60 219
20 268
59 265
115 161
148 202
104 197
41 216
229 265
262 268
207 293
60 67
41 222
6 183
25 112
263 278
181 217
196 234
120 262
147 271
123 132
27 115
226 233
122 203
150 242
34 116
55 292
232 278
69 109
21 74
6 245
15 168
209 279
272 278
176 289
118 271
4 48
74 126
1 108
10 49
108 258
159 222
154 222
28 85
186 275
1 59
102 209
94 292
12 25
177 251
206 260
211 292
70 292
47 285
63 211
137 257
120 238
78 174
20 55
51 195
120 127
38 242
69 114
52 213
144 291
44 240
72 250
67 296
56 111
32 140
126 272
93 183
47 103
21 119
13 197
229 272
22 214
79 195
31 60
25 256
162 199
149 274
224 227
154 264
218 280
66 78
9 267
189 240
131 146
18 199
124 232
159 236
197 250
52 65
88 258
163 255
111 205
217 299
252 261
179 200
250 300
92 182
219 259
57 63
28 298
192 203
195 256
250 292
126 290
76 116
190 245
262 277
7 128
6 97
83 280
136 216
106 148
176 285
51 160
70 149
80 86
34 201
181 288
85 127
91 209
49 229
15 206
71 140
221 224
156 281
161 283
228 265
61 151
97 241
106 285
180 268
227 287
4 69
51 138
255 270
87 181
6 243
75 85
117 169
227 244
29 53
62 110
129 156
55 257
72 73
2 177
212 252
176 242
69 98
29 169
88 236
161 218
174 182
61 70
90 96
121 139
200 206
190 240
10 154
127 225
149 294
86 168
119 154
164 181
138 250
10 68
130 235
125 244
58 111
241 267
3 59
108 242
185 298
35 203
1 128
9 243
103 272
58 208
161 268
181 216
61 185
29 122
57 117
149 154
177 201
42 273
146 290
20 292
233 249
42 282
119 146
225 250
29 150
41 99
218 259
58 182
31 85
218 252
235 266
206 277
12 59
53 152
124 244
129 138
59 128
78 250
8 26
146 276
212 262
158 224
19 184
153 208
81 248
24 229
184 207
173 201
86 277
89 200
121 242
33 297
16 291
95 190
143 211
28 218
116 198
222 282
33 136
202 205
38 62
57 235
177 197
21 225
171 186
176 209
134 192
242 283
222 291
173 223
206 255
273 275
29 178
74 219
111 289
105 179
196 275
163 222
30 127
74 174
58 210
101 249
23 179
51 133
142 224
40 190
10 241
61 233
162 276
23 77
161 177
41 170
95 165
152 170
33 254
59 67
97 102
154 199
175 235
30 133
103 231
38 186
144 211
239 278
25 73
88 221
11 150
85 275
228 236
4 228
153 227
32 185
203 248
49 273
143 156
103 105
49 256
196 286
120 205
97 243
40 155
39 280
156 188
27 186
10 132
29 205
65 204
66 292
160 207
12 18
191 281
135 198
240 255
42 113
36 129
150 287
112 159
16 138
123 190
37 47
81 147
13 184
264 285
19 136
160 219
192 278
41 91
170 214
115 170
7 159
106 184
146 201
30 195
114 265
9 283
102 181
60 289
100 140
176 224
114 140
195 247
51 154
48 122
76 299
103 155
102 256
10 21
82 210
84 99
292 296
119 194
209 289
111 172
193 281
21 79
180 279
126 161
39 234
11 212
60 93
128 185
210 289
213 263
188 199
90 233
39 106
41 209
32 147
7 66
209 221
21 280
4 188
240 267
195 218
11 223
9 151
85 140
3 105
31 233
4 265
3 24
114 291
146 282
180 226
87 156
103 210
230 251
230 238
243 286
24 192
135 268
88 181
259 288
81 117
122 288
207 246
92 300
63 203
140 250
191 245
12 143
249 286
25 61
54 208
68 217
50 185
35 230
227 263
83 271
248 259
208 222
49 64
215 288
116 187
115 174
255 273
129 273
172 191
69 153
63 125
96 180
55 169
202 217
59 283
95 185
16 289
252 255
36 148
37 252
222 258
180 285
2 89
102 297
127 210
12 120
196 298
180 187
143 219
9 223
38 187
128 217
80 87
224 234
86 102
5 61
166 265
176 184
29 277
94 198
175 197
113 300
138 273
56 286
18 254
214 278
2 243
109 238
34 135
84 139
258 260
154 242
74 169
77 216
20 190
24 174
95 174
125 245
155 279
113 243
103 275
18 295
58 300
72 154
193 266
62 244
211 270
15 99
139 272
104 132
220 295
223 230
40 84
214 288
81 131
100 214
113 274
114 163
214 251
64 254
86 156
194 282
150 247
14 146
64 111
196 257
92 175
227 289
5 177
1 71
87 210
6 157
7 83
267 280
47 144
18 205
137 272
143 201
14 237
74 215
97 291
227 280
11 45
157 238
59 109
51 54
60 191
69 297
50 85
105 150
66 241
77 238
199 285
1 244
21 211
29 73
201 291
133 291
130 292
8 17
209 276
154 172
219 244
57 71
224 290
63 131
146 165
11 165
40 273
122 213
117 228
46 84
140 248
61 116
97 288
19 287
33 238
45 155
14 69
68 207
53 68
168 218
177 296
93 280
35 57
248 263
90 238
176 273
91 205
77 234
15 31
186 232
205 207
62 130
150 241
132 149
153 206
77 249
121 170
233 261
47 254
58 212
233 239
9 294
29 87
68 147
114 185
277 292
24 72
68 257
45 70
91 274
169 236
93 235
77 98
196 276
164 243
222 230
34 133
250 291
81 168
1 154
69 228
174 241
22 180
13 71
5 121
46 132
130 151
5 15
236 250
158 220
230 253
85 130
98 228
5 74
162 186
73 263
152 216
149 196
96 276
141 226
170 265
20 21
124 226
16 157
70 79
117 145
88 264
96 124
42 44
226 267
202 212
25 274
141 185
47 97
66 284
72 296
38 84
45 233
70 222
154 246
120 175
75 175
36 152
121 123
163 186
206 290
7 181
202 237
139 150
134 298
6 263
216 229
178 240
41 75
21 245
173 268
169 173
94 299
56 169
33 206
105 246
211 261
160 179
132 250
69 227
162 174
240 254
157 242
140 235
143 172
183 228
132 203
146 299
11 44
98 273
170 243
35 95
258 284
63 95
178 193
251 257
243 263
25 184
54 140
57 179
156 255
62 194
70 143
86 185
30 44
6 191
30 142
21 252
56 57
171 178
63 251
117 268
88 165
200 257
66 164
93 228
26 239
184 256
192 285
97 235
56 155
33 218
180 277
195 232
22 85
117 129
136 258
85 225
233 268
1 180
121 149
100 119
143 190
35 94
154 184
150 212
16 269
7 14
61 97
126 267
19 173
50 151
204 226
136 238
125 181
147 249
64 294
101 243
54 65
185 202
111 158
172 293
185 230
22 86
158 182
53 62
80 170
27 66
7 33
22 166
49 145
41 135
143 148
93 252
266 284
32 172
161 272
40 159
181 254
22 57
40 300
183 221
275 288
198 245
109 211
27 154
160 271
49 230
135 192
154 289
137 229
231 294
40 162
167 260
19 297
35 244
41 178
88 245
53 100
67 142
97 264
100 111
14 198
208 249
103 287
140 145
115 244
32 116
49 53
33 216
25 75
131 177
150 256
79 197
209 214
155 278
105 283
216 223
38 77
22 54
111 178
44 218
161 251
74 291
28 220
238 288
122 200
248 274
6 67
194 220
69 160
43 262
110 270
285 296
72 300
59 270
174 276
51 58
66 273
106 174
31 69
143 294
44 280
226 284
31 201
4 208
10 239
79 250
9 212
148 286
143 291
48 225
111 268
217 238
143 248
126 193
102 147
104 210
5 204
37 254
54 199
41 212
191 210
256 282
254 284
240 282
37 274
258 282
133 147
2 204
96 235
113 284
107 242
125 170
138 175
58 279
171 294
172 215
102 213
159 297
114 189
169 172
103 157
25 114
158 162
21 57
21 26
96 222
4 190
8 250
83 102
113 140
25 133
92 252
10 286
49 156
241 279
96 121
7 77
75 108
105 148
27 157
113 250
100 128
38 167
257 294
129 276
109 124
31 152
2 29
150 163
232 279
50 212
155 282
45 250
217 249
236 251
118 298
20 215
44 73
167 184
180 296
145 230
36 222
7 249
198 233
53 126
45 239
20 22
129 258
169 286
47 186
178 203
261 285
14 168
85 133
90 239
2 172
76 186
35 285
76 185
80 225
64 200
68 91
173 297
286 296
114 165
71 187
70 96
76 105
31 137
160 225
207 251
24 41
229 263
64 156
13 145
10 272
23 167
220 259
50 159
96 210
59 294
121 132
191 274
228 287
105 127
193 293
22 249
133 240
145 256
65 103
13 19
88 251
78 291
42 140
185 287
17 183
19 167
8 121
271 300
26 220
1 2
23 104
2 146
42 142
74 232
5 163
41 144
134 205
16 162
173 249
130 140
153 252
172 281
134 234
19 257
25 193
25 282
121 283
85 251
133 271
215 270
104 194
112 172
124 221
173 209
213 216
149 181
15 233
70 116
7 251
184 286
98 236
121 226
14 18
10 292
32 208
175 205
36 190
26 219
32 109
12 292
126 177
263 297
88 93
65 265
54 274
41 291
216 264
41 198
93 142
2 151
267 282
139 251
133 155
54 298
142 196
132 133
129 172
90 153
63 186
153 232
23 189
213 239
114 288
128 136
7 105
22 39
33 205
182 198
35 295
148 246
16 108
146 266
36 168
20 200
107 212
65 185
74 109
71 78
127 176
33 158
113 198
83 238
18 104
27 254
201 251
148 288
110 184
165 293
112 131
77 120
203 215
11 287
89 201
2 183
27 168
101 181
35 281
212 215
36 58
96 172
7 280
141 197
211 284
113 232
178 239
140 241
208 292
136 161
94 138
181 278
248 266
32 252
144 266
34 249
163 208
49 291
191 194
95 224
9 45
18 249
104 143
94 196
225 257
91 216
271 290
189 192
65 93
189 205
53 101
118 244
107 284
67 121
68 190
49 150
37 238
135 223
131 180
60 83
112 275
1 73
23 98
78 101
140 298
226 262
48 203
3 56
15 94
116 220
41 175
97 249
105 123
135 259
255 285
104 269
53 72
139 193
163 299
106 288
266 271
118 297
13 238
76 248
74 252
158 295
107 164
23 197
256 284
99 107
265 288
112 193
87 220
71 76
249 255
9 268
238 258
56 97
37 93
254 291
4 258
115 152
104 145
99 122
5 53
7 299
21 192
57 292
67 211
117 122
15 59
75 297
160 252
80 185
100 265
190 212
152 196
30 154
11 69
135 263
2 223
16 136
220 249
85 91
104 189
9 275
10 179
206 245
89 217
56 212
84 136
292 299
20 192
25 125
292 293
24 96
105 219
216 271
59 240
171 280
96 250
87 193
56 289
243 255
253 285
11 121
40 121
66 92
121 191
31 32
8 113
51 217
4 59
245 299
132 238
217 220
31 43
52 249
37 246
81 196
39 42
4 155
175 266
243 250
204 286
12 249
49 128
48 264
45 149
67 254
73 294
209 262
18 55
5 162
32 72
188 268
122 276
185 203
62 196
30 88
30 103
21 216
55 168
134 157
259 277
19 70
165 224
257 280
177 234
106 203
248 253
131 277
111 222
95 226
193 260
48 91
47 202
9 29
159 284
108 133
7 275
211 237
136 190
13 249
68 293
121 185
191 220
88 136
186 233
104 294
178 225
66 158
39 190
1 216
120 157
99 161
38 106
20 264
55 298
1 121
35 177
3 13
125 259
63 82
173 262
14 78
76 258
18 152
89 183
89 112
174 291
4 87
141 220
170 261
10 38
81 236
82 95
212 296
175 259
93 143
2 63
56 205
192 277
215 250
139 195
88 114
233 234
66 233
25 288
274 283
5 134
100 138
174 300
178 238
14 66
194 213
99 146
123 245
192 205
66 67
92 225
33 261
157 199
68 133
125 189
78 257
216 263
43 94
240 251
153 299
42 117
49 175
163 263
221 256
154 173
1 268
125 236
50 300
40 133
64 84
49 70
75 125
99 218
54 210
5 286
190 269
140 176
170 208
147 287
49 88
89 197
203 264
173 189
122 174
290 292
103 152
30 229
81 298
27 294
158 165
144 197
16 29
68 249
154 282
153 181
35 62
121 220
165 276
12 280
98 207
61 178
3 12
125 242
24 142
10 66
128 243
2 296
197 229
32 64
226 270
26 131
179 267
48 57
219 227
118 153
29 88
238 241
157 214
181 192
55 106
135 288
7 165
129 290
50 267
31 39
132 193
96 115
71 253
141 268
36 84
94 102
19 90
5 157
100 210
18 61
65 276
130 282
106 173
61 224
27 117
27 146
84 196
58 164
53 263
85 196
206 215
164 256
21 111
90 200
124 295
170 206
72 242
37 262
70 291
117 188
93 124
192 257
243 247
252 253
50 276
131 148
145 183
240 269
18 294
63 296
79 102
161 201
26 141
46 287
101 214
73 222
169 207
197 236
1 63
67 111
35 277
67 260
8 208
185 194
146 220
37 160
232 246
114 134
124 190
185 262
121 264
107 276
33 133
43 232
117 217
231 234
104 199
157 297
30 277
224 251
79 160
3 187
3 110
103 209
67 258
161 184
125 210
94 189
42 234
126 214
156 295
201 249
35 76
38 247
75 187
88 124
48 287
106 161
38 192
60 170
258 265
45 115
171 300
165 259
145 275
136 261
39 144
43 267
102 132
77 143
109 162
164 280
42 160
17 212
105 222
103 193
98 137
235 249
42 79
269 285
153 226
130 134
244 280
287 291
80 222
75 157
201 234
49 155
78 102
123 125
77 99
225 262
76 269
85 90
58 81
88 285
266 286
122 206
130 182
13 268
216 260
30 114
226 238
8 276
164 248
22 76
56 236
87 151
4 50
140 216
244 260
22 91
59 299
5 109
94 203
126 284
194 269
77 108
151 211
185 204
85 237
200 227
74 213
156 261
189 254
245 261
83 208
81 148
23 250
47 200
30 231
29 188
182 263
90 252
5 224
19 229
43 50
20 283
86 123
188 278
116 270
140 289
4 20
99 211
198 237
31 83
168 281
22 100
22 300
249 263
132 154
87 211
113 216
51 182
32 87
67 133
148 172
50 248
163 240
160 234
148 164
9 89
69 70
118 205
127 283
52 88
74 173
149 239
77 241
158 259
63 103
247 300
256 280
55 210
247 270
22 53
136 143
76 165
97 187
163 195
79 130
186 208
79 140
23 125
212 266
3 167
57 167
11 206
192 265
100 196
64 164
276 286
23 225
38 226
19 238
94 268
69 206
77 288
36 90
186 221
201 273
136 255
83 256
12 256
18 24
35 155
145 158
110 240
120 280
187 241
143 194
51 248
13 226
85 278
197 219
227 274
107 195
58 130
66 115
167 252
81 82
100 127
86 240
269 276
13 223
6 216
1 280
62 157
189 295
76 184
4 26
127 184
228 284
111 220
144 276
79 114
92 280
116 209
25 194
168 264
59 107
104 263
104 105
101 276
186 235
262 266
38 51
46 193
254 272
160 285
59 148
102 113
51 254
126 273
240 264
131 157
120 269
128 145
75 78
198 208
63 284
122 201
157 204
7 125
209 225
84 252
172 190
41 56
144 264
198 206
38 166
28 73
57 175
182 217
79 84
34 66
262 280
181 295
96 196
39 202
99 298
26 78
96 271
171 286
131 179
156 181
59 99
135 151
3 282
196 242
151 173
240 288
278 280
255 274
206 214
61 254
88 145
209 241
34 142
84 134
67 259
286 295
26 164
23 66
32 42
148 235
7 263
86 158
66 175
14 236
36 202
19 185
145 185
68 280
32 134
150 283
66 109
247 295
102 216
225 231
264 289
4 57
191 196
37 56
207 290
134 257
131 181
12 141
93 297
58 106
127 196
181 191
136 264
118 289
68 92
223 255
60 89
111 280
247 285
171 211
7 166
37 101
243 291
19 244
17 158
231 300
97 166
141 171
34 138
169 252
29 283
70 72
153 259
26 257
168 176
64 243
43 106
223 284
96 261
158 219
139 186
236 277
162 243
113 120
196 213
173 175
42 200
131 280
105 200
140 257
5 34
183 187
32 177
82 295
94 209
33 148
52 237
114 240
76 144
108 257
87 128
28 235
134 277
134 188
134 162
136 241
61 194
228 273
154 224
88 116
48 53
9 80
33 266
50 97
138 194
64 120
69 133
212 290
22 296
101 193
196 283
62 211
163 191
164 237
147 262
38 196
27 91
63 201
162 172
156 228
41 244
115 165
135 228
96 273
198 219
180 247
148 211
106 246
174 187
17 282
26 255
86 141
91 258
14 40
156 243
48 151
55 109
117 119
203 207
168 223
73 210
69 211
25 163
41 257
165 168
233 291
218 285
221 252
108 189
142 200
5 221
16 70
143 238
33 39
53 273
53 78
60 193
31 229
55 64
131 232
28 176
4 83
86 261
117 264
43 58
73 253
185 225
10 99
15 120
18 225
147 286
178 192
27 109
14 57
19 132
24 220
165 244
63 292
257 276
222 262
2 8
152 180
98 121
104 212
71 144
21 161
67 236
188 298
46 67
153 212
37 245
69 298
83 242
34 180
34 200
6 202
10 156
127 188
22 185
102 202
216 237
148 278
1 179
2 253
128 154
174 260
31 177
11 222
19 22
19 217
75 240
108 144
139 142
195 290
44 180
278 286
165 260
243 266
190 293
29 61
101 205
1 215
248 276
118 238
24 260
129 175
105 159
170 270
92 251
163 275
30 71
77 103
209 240
243 294
85 238
135 203
66 69
63 221
19 60
77 115
99 210
185 240
141 218
82 226
128 266
77 78
35 278
20 185
109 154
65 273
144 146
84 170
258 266
199 252
101 133
264 280
42 179
34 71
14 44
4 230
201 274
140 157
19 156
112 164
15 42
78 226
35 199
227 298
82 162
126 223
115 216
73 240
264 284
8 94
56 184
53 140
50 147
112 208
100 151
45 214
32 80
115 282
189 203
4 41
105 289
212 214
81 171
101 202
60 223
226 286
62 180
190 278
157 265
107 117
48 250
4 297
181 224
88 220
11 233
82 252
23 229
209 227
131 170
105 277
107 223
198 291
25 248
249 272
34 208
209 294
192 222
65 191
175 179
109 199
120 220
197 217
1 146
9 85
84 183
13 115
66 222
13 203
6 63
69 90
142 256
244 282
184 299
32 257
194 298
75 195
27 93
42 170
114 238
62 268
65 108
12 176
180 240
103 109
107 295
79 200
32 204
7 122
110 290
186 242
138 206
24 221
44 83
84 248
11 239
4 220
107 139
51 272
9 197
33 176
50 57
2 48
184 244
28 153
211 255
111 127
247 268
52 219
25 58
13 159
151 184
80 163
129 131
288 295
56 249
40 222
42 75
56 106
87 230
30 63
109 181
37 239
16 51
113 205
118 283
173 245
38 238
177 266
222 295
169 179
14 100
62 282
236 260
51 127
109 219
70 194
2 120
66 283
90 276
71 118
13 284
134 217
15 196
97 271
183 232
188 274
268 291
258 272
1 283
134 206
25 183
212 217
93 254
22 41
102 139
13 35
133 247
141 275
63 287
60 140
91 250
112 115
1 240
4 35
64 116
36 154
146 270
203 234
29 109
54 293
26 100
118 194
68 246
2 109
34 40
154 175
256 260
151 239
148 223
99 286
102 286
87 189
193 196
102 151
199 225
25 38
11 192
98 272
14 151
178 286
101 158
64 168
95 141
32 246
7 230
49 71
10 125
10 98
123 269
186 207
109 120
95 134
88 231
44 197
33 258
177 178
63 208
84 293
187 285
19 248
208 279
32 231
241 276
196 229
37 70
65 257
65 111
271 297
175 200
218 219
141 233
17 201
204 241
255 264
76 113
90 197
15 290
77 287
21 91
218 277
171 260
19 215
50 262
29 227
78 288
84 227
73 220
59 253
229 252
94 164
189 268
33 234
190 282
79 94
52 83
117 267
134 198
265 271
80 118
158 211
50 157
136 218
10 281
103 174
44 269
2 26
43 285
96 269
235 269
8 124
109 166
211 238
132 275
82 266
268 284
108 122
193 236
24 173
101 208
11 107
49 224
234 250
104 186
73 194
69 96
72 270
84 269
18 232
176 247
267 300
72 244
182 269
37 159
145 211
38 122
173 218
17 101
129 251
2 287
21 44
102 287
115 230
211 290
121 255
53 162
3 20
123 273
268 287
120 146
117 181
72 129
144 295
7 133
30 57
175 183
15 286
69 283
136 267
2 271
21 125
79 141
108 125
24 148
38 80
195 296
210 300
66 77
49 216
87 221
154 284
14 25
215 278
135 188
217 226
36 71
125 237
5 146
109 176
223 296
37 249
175 221
76 80
207 300
136 299
136 283
79 89
19 58
169 187
32 294
162 285
52 225
60 165
171 248
52 229
73 130
148 174
5 207
194 265
35 240
2 55
61 183
102 269
121 142
128 268
123 282
6 91
261 270
39 218
171 218
50 229
234 258
47 198
50 64
16 219
15 84
74 222
9 60
36 81
11 47
192 224
143 262
93 238
96 189
38 155
94 263
143 237
175 255
270 286
8 147
6 90
18 38
204 253
150 200
260 271
25 244
54 109
62 210
2 38
169 299
147 221
118 150
91 124
68 74
4 58
166 260
52 148
2 209
88 300
91 265
59 140
128 275
120 237
173 280
19 26
78 98
260 286
171 204
68 230
66 300
51 82
35 290
159 276
140 150
69 176
74 243
105 250
25 207
126 257
87 90
33 54
193 279
22 231
34 205
127 144
53 179
187 215
223 224
32 271
3 17
106 110
82 171
166 248
78 107
11 131
191 206
87 127
215 252
215 251
245 249
76 137
93 205
108 286
69 289
120 286
2 197
169 284
26 250
156 254
37 103
104 135
1 10
128 158
40 127
124 130
41 85
137 265
87 88
73 299
66 213
218 234
33 232
197 266
126 154
161 164
208 216
201 205
180 293
231 275
8 46
159 218
126 174
69 276
83 107
37 300
35 146
261 268
101 283
9 154
109 168
85 134
39 139
45 238
248 290
90 162
67 262
29 77
264 288
24 197
91 277
64 181
89 269
122 134
46 143
9 214
245 259
213 280
41 269
106 209
177 192
172 193
207 262
70 293
209 228
112 194
55 89
21 102
132 252
155 263
51 184
14 50
51 69
115 192
3 200
148 224
65 184
137 234
83 98
218 246
63 156
165 230
111 269
9 249
251 286
67 117
256 294
147 227
63 216
213 286
94 97
24 133
109 280
213 242
36 287
246 263
127 259
56 223
263 266
187 207
82 179
251 268
91 122
13 119
160 253
116 122
168 172
51 296
24 241
62 117
58 272
130 216
8 232
226 253
169 203
4 30
98 206
109 159
1 242
227 297
196 258
95 131
80 126
144 195
6 291
140 268
106 289
135 189
51 280
57 61
98 181
125 266
167 237
6 179
36 134
7 233
199 294
86 89
11 26
157 164
179 257
210 256
143 252
80 220
157 217
73 259
105 239
183 261
28 223
34 281
46 245
167 244
66 229
17 220
39 159
22 199
159 186
40 65
247 292
27 239
207 241
216 238
83 171
221 274
24 209
276 278
25 156
98 189
24 116
58 214
158 238
41 188
112 256
144 161
253 293
44 296
9 184
115 143
103 255
105 140
70 193
79 204
105 176
141 260
76 174
60 194
42 95
163 257
153 276
207 272
243 262
62 113
51 231
112 167
95 200
105 138
154 285
122 166
114 214
106 223
132 138
35 188
95 214
276 294
22 154
64 86
215 297
11 35
167 264
168 245
108 238
75 184
51 57
187 236
100 264
6 89
195 210
111 262
22 157
80 233
221 255
71 155
174 240
55 276
274 289
130 278
156 245
133 203
84 206
114 236
139 182
8 164
274 284
81 213
108 249
135 215
14 30
193 285
207 274
121 190
52 186
135 292
34 158
15 204
112 298
25 227
181 207
205 238
100 244
203 268
202 289
82 116
8 12
148 284
107 197
5 16
24 235
110 204
188 254
186 240
114 174
214 216
8 244
114 237
148 176
123 184
71 73
126 276
12 148
137 237
63 154
9 287
4 182
24 294
78 283
93 134
64 197
69 261
190 285
258 285
85 168
92 294
124 165
159 228
69 149
15 35
21 40
225 277
101 271
17 108
57 190
223 285
18 271
66 163
80 95
160 182
12 155
240 297
145 238
134 208
151 204
127 258
131 249
31 165
180 292
184 233
153 174
215 264
49 114
33 102
239 294
264 299
280 282
195 240
56 163
44 126
72 207
65 91
132 142
169 189
158 215
128 250
197 204
49 234
179 270
137 208
38 274
47 237
54 130
130 165
130 267
122 225
35 154
37 76
34 267
177 275
134 285
151 262
73 205
135 261
75 235
60 111
9 175
76 264
174 194
71 252
2 79
21 299
48 108
25 279
199 217
54 282
120 168
73 295
203 257
97 293
206 270
79 227
144 198
13 161
38 215
17 245
16 172
246 283
85 148
41 97
9 74
5 197
42 106
69 208
221 281
230 243
88 133
70 244
83 84
70 281
41 181
7 199
190 260
39 55
92 141
5 91
90 284
74 257
4 111
59 106
155 234
68 297
146 184
96 163
83 135
190 204
196 203
212 297
12 117
124 154
3 124
35 171
1 286
32 85
180 233
9 38
15 202
106 127
157 222
212 279
22 150
278 296
200 229
74 150
92 133
23 294
150 215
126 289
32 81
144 169
176 271
55 81
29 31
50 83
10 199
89 121
103 144
81 89
31 238
71 152
65 153
100 280
176 196
208 291
5 281
121 137
109 151
15 229
32 133
79 298
72 161
44 207
92 242
8 24
249 250
216 280
114 188
138 259
239 244
144 239
147 299
159 257
207 212
95 276
51 298
125 262
30 162
158 180
129 150
52 242
71 236
234 300
42 148
52 216
11 177
62 257
78 208
222 243
109 136
151 217
31 103
50 150
31 92
125 248
34 159
66 76
5 97
36 236
82 163
78 276
124 270
29 105
23 295
236 294
202 213
49 94
237 247
97 148
65 84
16 247
6 69
101 253
210 264
40 283
102 291
215 289
132 196
17 232
208 286
13 157
37 153
96 138
43 298
100 233
166 297
64 249
229 258
129 199
98 114
273 274
177 270
130 277
182 292
36 156
22 138
121 284
222 294
29 106
2 232
107 208
199 266
55 217
8 278
70 152
67 96
111 300
157 200
21 235
152 210
40 168
49 89
112 296
139 254
77 252
5 289
16 134
81 268
31 168
257 265
71 276
82 90
69 250
170 210
33 196
23 132
36 205
21 278
115 166
139 196
285 288
163 244
111 274
40 77
34 111
136 288
79 87
101 244
33 267
52 289
215 246
1 173
94 131
4 210
71 232
3 263
162 187
109 188
192 287
3 234
82 239
39 57
76 177
81 101
48 261
74 157
26 99
60 98
34 221
34 87
232 263
77 135
138 142
21 120
256 291
115 253
156 185
204 209
97 179
58 170
8 161
5 99
55 103
21 224
66 221
165 196
83 124
8 241
104 142
185 263
55 250
159 172
9 299
8 56
22 106
144 284
36 245
171 284
182 240
80 289
34 210
96 142
87 165
180 284
33 69
199 290
208 287
21 97
38 291
174 223
129 249
19 123
52 161
94 218
63 87
72 139
2 156
61 204
150 243
32 59
23 137
77 119
98 198
26 153
22 268
6 279
187 227
178 263
77 139
29 48
139 266
120 204
126 215
27 295
179 294
13 132
32 191
36 83
184 213
204 298
234 251
22 63
135 295
36 66
89 228
172 233
77 212
92 273
193 273
123 179
65 284
55 278
28 140
94 176
144 174
200 211
21 196
10 145
32 102
201 202
59 138
139 281
42 186
61 193
173 269
91 192
53 185
7 237
185 234
102 119
16 107
192 271
82 293
215 298
161 284
3 183
275 293
6 125
71 200
72 227
80 224
227 235
238 283
122 284
235 236
22 280
62 138
161 219
59 280
143 169
113 135
54 190
230 271
5 82
99 249
6 256
146 221
69 242
112 214
101 209
128 167
235 297
23 149
60 105
205 295
55 83
24 54
188 292
243 245
129 284
39 193
96 182
26 211
34 169
208 271
93 257
225 287
64 136
105 227
79 95
52 203
88 227
109 110
109 275
222 296
67 171
138 290
143 210
128 188
139 202
131 152
3 33
30 250
184 192
103 116
115 274
111 239
85 200
68 221
45 107
61 242
16 248
67 178
253 300
153 237
181 227
121 197
210 220
142 182
153 224
167 266
164 175
151 228
143 281
210 228
49 148
209 212
3 276
39 136
85 126
50 196
184 298
40 41
145 204
69 129
31 108
21 52
10 225
38 148
37 267
52 71
238 298
14 110
42 116
96 135
40 160
232 265
186 205
15 208
14 216
112 206
50 216
68 84
78 259
62 159
141 278
50 292
188 210
27 165
99 201
206 278
1 11
45 179
125 297
84 225
135 205
171 239
90 170
185 269
170 191
17 235
109 297
148 153
126 285
111 264
113 170
20 202
73 100
99 288
274 296
49 108
60 135
6 127
196 206
51 244
69 171
16 144
42 122
260 284
227 273
10 42
109 207
111 263
147 202
119 161
237 261
204 281
20 198
225 234
138 205
85 235
102 288
128 172
9 206
24 268
60 143
69 245
258 292
61 63
143 261
95 206
36 162
233 240
48 238
121 286
180 265
140 210
212 244
52 75
37 261
146 208
121 171
3 168
129 217
122 152
198 279
189 277
44 290
18 134
26 260
212 299
140 236
133 166
119 293
145 162
89 205
76 284
55 182
229 247
151 202
63 77
111 256
32 201
141 291
243 284
277 298
10 220
172 203
223 279
108 112
197 248
202 294
57 208
40 270
110 259
249 264
4 45
220 275
83 194
11 259
85 98
179 212
116 293
75 246
27 296
21 132
5 161
166 251
116 182
172 213
223 229
103 140
101 155
164 239
17 83
93 95
61 74
117 143
54 256
116 210
61 285
63 189
75 163
193 269
132 290
147 180
52 135
148 162
153 195
200 270
96 123
120 125
214 246
194 258
98 100
145 286
8 264
99 246
35 235
73 297
92 243
84 194
214 254
98 218
184 246
38 87
193 252
14 131
150 255
27 29
51 171
24 176
258 261
181 290
94 123
90 256
136 163
36 56
119 180
149 222
163 176
39 283
25 39
58 204
289 293
63 89
8 152
21 147
69 201
48 167
11 93
42 223
66 93
68 156
56 145
174 198
11 112
206 244
76 231
178 216
176 206
147 176
258 280
35 156
37 134
172 274
119 162
199 273
185 295
96 152
48 68
131 196
3 166
16 156
139 212
147 243
244 290
160 212
13 153
28 121
22 234
60 121
84 160
120 277
36 250
208 273
8 240
31 35
176 225
86 241
1 100
55 237
100 296
17 293
100 241
185 279
143 269
19 107
46 63
126 219
131 235
89 233
20 58
199 248
219 229
129 179
81 176
146 223
61 81
97 265
16 191
66 185
148 150
33 275
8 95
209 236
116 201
147 285
178 279
265 272
96 125
262 273
81 156
166 299
14 111
86 262
107 289
229 288
12 192
74 181
245 281
114 212
273 294
23 83
186 214
153 223
215 268
142 277
217 277
43 177
170 197
186 217
26 73
131 284
13 213
5 294
32 155
7 107
9 232
216 290
28 90
88 187
234 264
183 273
4 275
217 285
126 131
93 291
175 280
153 217
101 200
79 296
165 237
50 222
12 22
60 282
40 72
111 197
113 285
147 182
176 260
225 236
177 208
88 167
228 288
10 53
29 139
220 254
211 273
53 277
42 159
4 280
68 283
143 185
12 124
54 136
88 247
68 172
256 289
16 131
94 215
95 189
144 237
33 52
194 200
71 269
179 252
113 168
199 239
77 214
31 282
26 289
33 163
30 72
15 55
129 186
34 256
99 156
48 297
241 287
47 114
112 182
38 43
55 133
186 206
25 241
25 237
32 135
79 127
21 110
232 257
147 242
293 296
101 157
117 237
104 254
56 298
33 219
171 190
149 187
31 195
235 243
39 161
77 170
178 215
55 166
154 158
71 148
35 75
126 297
84 146
44 190
185 251
55 173
78 93
8 219
8 34
154 286
39 71
10 37
39 130
28 29
88 219
164 240
92 278
190 298
66 170
33 268
284 285
86 278
154 221
10 11
62 241
90 254
178 179
105 145
95 203
52 183
157 243
109 282
6 68
45 145
222 259
71 267
32 95
164 300
153 293
32 279
154 164
265 277
14 283
173 195
73 106
163 278
82 244
27 144
30 120
112 154
25 200
52 214
13 187
91 147
112 197
125 284
90 111
18 270
248 296
101 281
55 268
74 242
25 294
30 245
147 174
208 223
41 130
64 213
47 290
199 288
160 211
105 235
101 176
7 192
81 90
196 210
248 293
73 109
149 175
30 205
268 293
165 250
37 50
165 189
252 273
123 271
102 278
24 49
2 233
92 299
84 149
44 283
96 204
44 266
102 106
167 261
47 250
125 298
90 123
18 43
53 192
32 82
25 131
70 100
164 219
66 286
57 281
111 249
150 226
2 111
152 195
76 104
224 244
6 152
76 97
35 258
100 132
210 268
207 252
9 221
47 58
171 244
143 212
131 210
209 238
203 300
45 230
191 247
66 74
33 162
213 247
41 65
146 280
244 254
104 208
11 174
193 247
5 263
245 282
128 236
120 153
72 104
176 235
92 218
271 298
100 161
82 128
8 260
83 155
200 228
72 269
80 214
41 82
4 47
56 218
148 183
146 168
54 289
46 220
112 222
125 289
83 112
202 228
96 111
138 286
163 234
82 147
147 279
59 113
46 73
168 230
190 292
59 266
62 238
76 259
18 28
6 51
74 296
101 178
72 153
162 225
43 293
30 290
243 265
112 140
103 260
216 247
58 168
176 246
32 90
13 154
8 274
134 262
169 261
235 253
109 117
172 267
151 224
150 164
178 255
32 235
1 132
44 199
111 125
41 288
114 190
46 283
125 133
52 87
20 102
28 78
89 259
58 178
194 288
70 296
107 268
62 163
142 164
204 229
75 122
133 281
194 235
38 46
15 136
51 250
20 285
212 240
120 265
233 252
71 82
70 217
37 144
108 156
154 290
139 243
232 239
118 180
68 201
146 240
104 128
10 160
85 262
34 152
152 276
141 144
44 300
54 120
116 272
87 280
34 262
7 239
65 68
189 214
86 190
127 241
150 203
7 236
20 265
18 158
118 242
31 135
144 189
219 245
26 59
8 206
89 108
52 198
12 20
2 257
69 191
148 178
59 255
171 219
105 287
225 229
150 252
4 296
202 284
194 219
104 222
111 163
177 265
74 230
20 277
49 191
86 246
180 201
109 246
14 127
169 281
51 76
131 298
47 104
60 245
140 255
217 233
143 263
35 209
109 187
73 236
114 119
283 288
48 59
154 193
277 296
248 268
84 129
8 108
161 216
41 46
162 168
151 187
81 251
108 121
117 253
48 275
80 238
146 281
174 218
126 232
256 264
146 222
184 254
195 231
85 226
165 278
161 255
54 132
124 152
49 163
91 202
126 236
190 241
106 197
26 272
172 271
191 193
45 287
28 48
122 180
70 121
39 254
152 243
82 187
154 177
9 24
56 126
2 199
30 84
14 80
91 165
67 194
66 151
135 164
79 282
135 246
16 257
4 110
13 270
191 278
25 144
208 270
191 214
221 269
118 126
251 297
11 129
166 234
171 217
61 295
21 285
14 277
126 141
89 234
54 262
120 218
42 251
121 280
137 143
116 256
260 264
168 191
43 234
19 111
74 236
203 250
120 170
54 273
43 228
1 157
102 144
180 236
17 199
132 170
22 137
272 285
168 211
83 140
89 244
13 271
28 214
166 171
118 162
51 143
261 290
28 125
28 164
54 95
15 75
74 94
45 81
5 10
231 293
89 154
176 272
145 146
166 295
35 263
192 299
243 254
169 220
117 170
150 300
62 203
10 155
202 230
263 294
11 24
112 224
283 285
276 287
144 288
170 221
101 225
52 259
241 259
198 248
88 233
30 241
58 199
159 203
9 46
151 216
167 178
189 228
11 179
170 294
114 234
209 249
129 191
33 287
8 41
179 280
2 86
29 158
204 291
36 93
210 259
178 261
46 214
72 120
89 192
99 221
101 299
8 292
64 257
249 266
86 285
61 110
70 102
164 210
206 217
66 201
213 227
76 224
11 97
143 266
51 107
67 204
77 263
42 157
134 199
184 258
135 200
49 134
19 182
19 23
9 42
29 234
57 59
40 56
186 255
261 263
78 261
194 225
48 82
126 180
10 95
43 155
107 237
130 141
203 219
196 268
21 126
50 138
167 189
118 184
125 282
10 30
261 293
62 133
45 109
63 230
27 37
16 271
14 61
10 134
23 176
25 287
113 280
59 286
16 101
114 268
108 187
73 287
69 94
9 103
114 149
23 48
166 168
76 193
60 133
58 156
149 217
108 294
76 155
57 142
152 162
103 186
64 124
113 236
5 186
1 182
51 198
24 129
226 244
196 246
38 39
160 291
22 58
247 296
26 122
3 213
2 16
164 194
38 136
70 277
124 202
2 286
35 98
156 170
8 60
94 284
224 268
25 115
186 239
36 50
85 157
232 255
19 118
97 171
219 243
82 119
79 176
230 277
106 270
22 192
35 166
31 206
219 269
135 159
97 182
54 59
83 197
235 244
7 227
8 201
15 113
129 224
175 231
35 207
25 136
168 229
105 147
51 120
34 207
97 232
241 261
193 217
205 272
175 219
153 262
120 194
220 289
60 88
10 85
43 56
138 278
110 279
68 166
252 274
140 282
139 219
128 210
10 206
154 280
136 282
165 186
11 74
71 130
44 144
210 229
49 299
123 266
157 207
43 193
104 250
110 238
161 295
140 278
49 160
205 239
256 276
51 271
198 288
13 258
2 62
18 58
266 280
96 223
167 276
278 288
33 195
33 153
53 127
195 293
244 278
128 205
12 41
2 266
119 192
103 274
46 53
139 198
84 223
156 293
4 168
193 274
201 283
56 261
27 60
168 203
11 22
31 64
7 268
43 144
153 294
117 189
1 246
16 37
142 300
255 277
10 290
37 81
83 146
48 127
204 261
147 214
190 279
231 250
114 267
101 284
14 76
107 109
133 213
149 156
14 214
11 18
249 291
41 289
110 252
100 122
11 172
58 77
129 221
103 138
137 157
98 226
16 23
147 212
95 153
90 95
90 265
217 286
169 272
138 216
234 297
93 279
140 207
139 292
115 156
43 101
166 293
132 292
116 223
52 120
144 261
39 143
11 281
164 255
101 105
61 300
156 300
144 283
54 253
57 263
8 175
24 278
85 192
269 299
2 61
49 217
81 243
205 294
9 100
233 275
116 219
28 93
250 270
238 249
146 147
247 256
141 186
119 166
65 155
186 292
50 280
16 148
199 287
88 222
245 256
57 174
55 186
40 220
48 245
92 207
166 180
261 284
23 95
162 291
55 128
47 188
15 254
204 222
6 195
13 172
227 232
124 276
177 268
139 188
59 100
113 173
47 56
152 171
198 240
24 150
39 266
73 187
102 115
178 237
114 183
3 150
277 278
126 238
185 186
14 65
93 94
290 293
101 190
188 238
112 300
138 243
27 140
210 253
125 264
63 215
249 285
44 252
208 238
181 237
215 248
104 140
49 76
99 212
180 209
81 266
162 294
115 261
51 234
81 252
26 267
30 105
6 96
61 187
115 119
182 248
90 140
92 161
148 192
184 222
2 221
111 221
145 166
45 69
116 180
93 186
20 124
59 159
220 226
67 168
142 170
23 164
132 236
156 233
66 143
19 232
97 184
39 138
19 253
45 139
212 225
22 139
158 251
234 273
11 232
76 176
48 85
165 193
26 271
60 253
30 264
176 293
243 292
68 72
179 297
26 139
4 132
90 219
234 244
125 230
9 293
96 144
27 45
32 188
136 191
17 259
116 259
143 243
25 27
165 174
22 77
114 148
222 252
58 124
131 136
264 275
98 267
197 252
141 183
153 187
101 266
220 250
98 188
75 234
116 154
122 154
231 236
6 44
139 165
211 253
258 283
184 198
109 220
1 205
19 134
8 69
142 283
240 247
59 119
110 127
43 60
99 283
141 257
145 157
138 232
102 215
58 175
149 246
55 59
7 146
182 273
39 288
58 264
170 213
21 72
151 247
116 151
21 185
158 216
237 242
222 298
74 203
78 274
31 250
141 228
38 109
193 223
72 283
46 118
34 287
60 232
164 202
88 134
82 89
67 209
3 149
208 256
165 239
118 127
47 168
8 183
176 190
38 139
101 291
146 244
196 204
106 218
131 211
76 187
123 163
15 205
8 47
194 285
9 75
45 182
62 94
12 81
15 163
144 233
81 211
112 158
22 198
54 72
18 219
42 265
52 286
28 106
246 279
113 156
132 257
41 62
101 177
114 122
97 197
202 267
81 294
243 274
197 295
42 276
15 87
45 114
16 168
255 256
23 102
85 242
65 70
126 282
223 273
2 49
108 271
18 85
43 249
53 280
164 174
197 237
279 288
160 208
237 269
95 148
160 236
72 235
81 123
34 56
91 281
94 205
140 146
141 208
16 178
220 239
90 203
142 173
2 179
37 253
83 213
255 287
192 217
34 237
141 213
176 218
33 227
87 283
85 184
68 120
105 113
2 43
128 190
20 259
248 249
222 255
69 205
145 218
107 204
175 284
247 298
108 211
147 228
217 222
120 165
186 238
92 255
69 253
81 244
16 77
2 126
60 85
188 230
165 207
24 81
32 153
87 176
142 261
187 296
74 195
183 268
134 286
135 298
32 88
282 297
19 67
59 244
117 250
223 250
32 228
104 136
150 293
91 268
174 205
69 83
130 150
128 199
126 298
8 266
72 101
77 151
187 278
104 133
149 195
83 110
27 80
100 248
92 244
160 269
46 238
21 248
174 208
67 184
99 133
29 299
26 57
15 144
172 198
45 154
123 153
48 235
99 167
139 190
150 153
55 273
50 233
106 133
188 236
36 260
100 297
128 297
34 140
12 82
59 84
111 226
36 155
70 264
169 219
210 299
91 210
47 118
61 160
125 154
213 258
43 286
74 283
91 111
70 246
36 197
195 227
217 253
44 62
116 283
231 276
91 183
29 119
66 193
22 208
64 228
139 161
134 254
91 180
165 252
152 295
152 244
9 288
27 213
23 289
51 103
52 81
4 129
2 96
78 172
270 278
188 297
133 236
80 101
221 297
40 254
87 262
103 114
46 47
176 220
99 281
62 177
176 297
3 198
58 176
136 294
18 26
43 178
137 281
112 292
102 143
286 291
35 210
45 229
5 38
205 235
195 198
125 187
242 297
107 287
87 150
107 188
61 162
234 249
87 257
108 136
36 88
94 109
213 295
130 219
37 196
98 138
267 272
159 216
60 290
105 258
97 228
251 291
45 71
29 258
26 84
170 193
15 56
144 272
66 248
147 298
43 165
34 117
45 268
214 243
245 260
8 38
165 217
62 82
32 180
86 163
175 184
73 173
64 127
47 197
138 287
86 110
181 203
68 294
7 129
146 206
34 218
134 289
13 183
42 228
218 286
64 98
99 152
80 81
64 285
192 218
102 154
53 117
61 216
74 285
41 248
223 292
71 195
147 284
5 264
32 112
4 194
196 292
245 248
156 275
52 100
28 156
122 135
196 261
13 158
151 179
169 177
259 296
95 236
60 224
153 281
54 67
93 125
100 133
130 194
17 138
124 247
88 160
163 204
144 154
63 295
10 271
274 278
23 222
2 20
32 98
60 86
252 294
36 68
45 236
166 277
81 216
56 276
85 286
115 256
30 102
54 85
23 87
16 167
188 276
8 136
95 138
21 256
127 158
111 132
6 110
204 272
143 193
169 282
2 101
268 294
215 221
78 144
15 253
208 245
19 273
256 263
222 225
63 142
139 197
95 162
51 174
50 254
89 286
17 43
67 71
90 117
153 268
24 250
119 130
128 157
55 234
136 213
290 294
55 193
100 277
153 191
113 257
203 297
49 82
46 50
54 229
93 287
115 277
178 244
149 235
28 114
127 212
154 216
72 124
76 139
105 229
41 112
138 215
30 82
143 184
233 256
156 177
209 244
148 171
11 260
209 246
51 261
205 241
217 237
188 269
39 237
54 246
201 282
28 158
34 293
2 289
20 242
11 127
127 148
105 263
153 193
32 266
17 266
236 256
44 193
118 224
219 242
9 127
37 107
33 255
28 197
46 66
6 169
99 271
69 187
145 196
104 161
31 187
86 133
257 279
128 281
89 142
35 214
37 157
200 246
64 241
64 238
128 291
106 170
142 220
88 155
129 152
14 199
117 177
15 26
33 88
18 266
49 261
149 180
65 220
243 244
264 269
52 264
112 278
17 160
182 194
148 281
50 143
94 158
56 153
70 126
56 125
72 96
6 138
21 242
72 258
222 239
80 296
1 175
174 178
40 57
199 210
79 199
109 250
136 159
14 217
47 236
45 136
82 177
58 153
74 229
77 257
283 287
153 298
59 184
98 143
23 300
29 107
136 296
30 46
23 154
175 232
68 214
98 124
81 277
60 254
97 98
20 293
149 174
28 69
169 211
93 224
37 282
56 262
180 263
145 191
21 33
157 274
199 270
205 267
191 219
26 71
113 203
9 282
26 101
76 204
91 292
67 150
6 66
102 275
200 262
91 131
30 288
50 126
8 79
17 112
217 244
7 271
99 144
221 268
83 233
205 266
149 198
208 289
42 225
58 173
77 178
50 133
80 168
168 244
135 156
97 213
11 134
42 216
90 297
98 208
61 212
24 236
77 239
94 256
91 164
4 150
54 228
18 59
62 188
21 209
120 290
190 239
84 204
236 295
42 239
175 201
154 191
50 284
114 219
218 233
27 180
16 111
66 234
60 260
207 209
51 230
126 201
102 188
41 287
80 90
173 259
46 233
212 258
6 242
39 97
112 284
26 179
93 102
52 226
233 265
115 202
150 184
211 221
59 201
1 259
3 165
74 289
59 93
100 263
72 228
66 186
61 82
287 290
185 189
3 52
136 157
173 252
141 195
199 206
86 292
134 152
175 245
174 278
16 273
227 281
18 261
92 203
137 196
109 262
79 294
113 254
34 83
12 135
161 205
66 75
26 252
69 260
61 195
159 175
135 145
126 197
180 238
142 286
47 262
88 239
26 163
47 289
161 230
102 152
284 300
8 176
46 265
100 194
28 287
79 228
107 246
177 252
38 171
44 244
224 252
80 167
154 179
170 240
110 190
73 175
187 212
116 243
17 186
99 116
31 169
68 188
30 124
101 226
47 207
63 271
184 201
202 265
189 279
167 285
6 241
1 271
150 187
75 264
1 258
204 248
61 226
58 274
139 163
17 39
88 202
47 224
15 103
4 11
278 282
74 93
241 248
57 219
195 235
45 192
87 293
8 258
44 114
64 206
39 140
16 263
62 88
103 220
147 148
101 175
18 154
190 294
100 271
146 294
99 209
36 61
261 300
150 224
74 191
100 107
143 158
53 259
182 235
14 244
111 131
112 217
28 155
61 279
51 137
141 187
229 244
108 274
44 157
158 159
48 268
32 226
157 280
104 153
50 81
7 189
238 259
152 245
1 227
43 134
172 201
252 258
198 241
211 241
36 160
107 255
71 198
20 235
96 245
125 239
83 281
38 245
29 236
13 239
194 245
157 175
76 151
34 265
169 175
18 89
101 220
112 264
37 289
202 210
83 156
146 235
66 280
188 190
93 300
69 154
3 21
206 288
12 149
95 196
65 254
95 247
9 236
110 271
126 142
40 260
114 170
90 116
159 214
197 297
20 118
83 220
74 194
10 195
130 270
79 113
173 194
124 206
155 284
115 201
242 278
216 250
68 298
12 237
101 292
42 121
27 79
97 121
27 232
57 232
202 242
38 200
6 13
9 159
38 208
41 189
99 180
28 217
4 106
84 235
102 244
1 78
74 114
100 179
12 163
73 89
139 235
98 134
232 289
129 170
115 169
118 157
77 246
51 145
99 199
1 300
192 297
42 104
75 282
138 196
4 76
14 246
3 29
178 231
110 111
98 263
25 46
209 298
139 199
36 38
152 236
10 112
91 126
191 200
134 156
144 275
238 239
75 159
65 120
8 202
61 177
66 285
276 298
120 275
218 224
82 165
136 233
265 274
6 170
29 86
111 265
160 222
39 175
216 298
67 238
100 131
251 276
54 261
226 243
42 207
207 224
12 182
253 272
7 95
36 177
29 232
22 240
134 183
122 179
40 61
37 125
30 251
103 293
212 298
31 296
146 258
19 276
28 199
144 228
52 282
145 258
115 126
196 240
217 218
88 260
139 275
155 159
194 207
15 107
173 230
36 276
48 229
104 131
156 224
122 269
8 249
82 158
68 98
8 291
43 205
80 171
37 99
88 108
67 219
141 217
169 253
270 300
33 246
81 207
33 257
69 209
87 248
75 120
51 164
6 182
96 217
138 188
124 172
136 240
24 154
18 246
44 237
13 198
149 171
57 270
160 181
41 299
28 50
75 94
242 252
249 289
82 199
191 267
65 131
73 114
82 169
43 253
199 284
67 74
61 235
67 180
52 170
138 295
123 130
76 171
9 94
13 210
124 259
226 295
245 251
31 213
76 215
82 91
86 204
53 138
200 291
110 274
77 291
10 210
234 238
9 196
131 188
41 194
7 76
72 256
155 246
99 185
25 257
70 144
53 288
123 145
39 260
151 223
105 260
28 290
112 250
34 46
163 238
53 226
10 167
92 118
53 230
86 198
216 219
182 220
138 192
83 245
88 296
176 281
232 264
47 86
36 86
297 298
36 167
13 50
222 286
63 138
9 54
172 286
190 262
89 239
115 163
68 292
107 285
152 217
91 298
13 180
162 293
81 204
50 86
31 294
180 221
61 76
201 223
30 185
31 49
25 272
176 290
119 223
73 132
91 254
18 174
52 99
228 268
115 125
120 222
50 295
94 237
50 187
34 76
224 245
172 261
12 85
101 104
70 122
56 158
87 287
32 284
103 106
24 61
113 282
59 195
68 186
220 278
57 141
1 269
147 154
87 121
33 250
92 97
46 218
133 283
95 187
187 233
113 219
262 292
54 71
111 294
51 285
224 272
23 286
112 258
68 218
187 263
121 219
158 284
86 227
23 144
220 269
92 147
225 270
170 203
246 259
30 194
5 195
24 113
260 278
179 214
90 118
32 181
114 245
101 280
90 148
247 249
106 231
147 185
269 271
18 239
42 287
119 256
69 122
197 274
64 235
63 223
63 200
217 234
69 137
198 232
81 152
24 69
84 208
114 217
108 226
83 250
7 134
123 182
265 284
3 157
15 181
198 297
128 162
263 267
77 127
51 300
66 122
116 153
262 274
278 281
36 142
260 281
5 150
58 72
54 245
75 158
2 73
40 225
176 300
56 78
98 117
76 244
99 261
8 142
130 285
78 104
103 244
169 176
98 110
74 182
64 110
156 238
144 166
42 53
33 202
97 240
159 249
126 266
129 248
171 247
19 74
140 174
30 187
14 77
69 155
47 268
1 166
35 162
216 261
123 201
40 258
122 252
17 145
147 186
24 128
103 289
71 219
63 141
224 275
52 73
67 81
21 219
128 132
111 279
45 193
5 52
55 207
145 243
179 183
190 229
127 129
83 218
66 174
10 256
93 177
120 244
74 110
153 288
128 264
65 193
7 154
30 47
188 247
37 204
69 255
60 75
5 51
44 239
30 271
214 273
59 193
124 248
145 160
106 202
64 117
119 260
104 170
6 173
60 108
119 280
252 268
192 253
130 142
96 170
75 244
79 101
97 165
40 277
18 262
94 186
89 145
52 270
149 194
51 132
126 288
13 167
76 150
47 277
24 238
13 191
134 245
170 242
23 90
8 197
124 147
17 86
140 181
219 300
119 274
81 99
108 134
17 226
154 255
38 130
77 278
12 151
110 155
89 157
134 282
59 179
16 276
39 207
57 276
151 294
193 265
135 250
59 65
25 178
10 26
141 286
97 175
65 264
90 103
99 110
218 225
157 259
150 269
107 290
50 178
59 111
6 249
88 164
114 249
145 241
181 293
67 298
255 293
9 284
163 219
242 284
15 258
33 70
135 282
73 174
134 290
100 215
194 201
25 232
49 67
33 159
9 246
73 190
204 256
133 154
32 182
11 31
18 176
130 248
222 250
27 124
176 240
34 99
6 294
213 279
17 255
184 290
51 155
15 102
14 259
11 280
7 243
238 251
38 52
273 284
195 199
189 234
149 258
37 98
5 230
166 258
191 299
107 247
43 117
53 122
5 220
193 221
46 94
17 147
24 299
89 270
35 167
190 193
56 253
275 291
76 145
32 43
4 154
254 277
57 177
179 220
29 242
55 202
83 286
73 215
188 209
130 135
200 247
16 190
52 263
38 233
73 88
192 266
93 103
119 269
272 293
40 110
72 155
211 258
49 177
13 250
28 272
32 61
129 206
51 113
83 219
160 299
21 129
123 131
141 200
210 274
159 220
121 209
85 230
15 246
111 179
231 263
90 104
16 38
154 263
259 273
70 221
33 113
274 288
98 270
168 256
81 222
187 259
37 209
139 276
198 274
182 186
36 120
49 255
119 125
164 283
15 215
24 272
145 288
166 214
6 136
26 160
50 244
112 245
203 210
134 284
89 282
34 141
33 139
71 278
103 256
31 133
107 146
100 261
52 221
104 220
130 132
54 93
207 229
106 172
92 259
11 100
80 207
122 242
18 162
30 192
52 74
82 237
252 281
69 78
28 108
207 257
227 247
275 279
57 118
244 294
123 205
5 273
62 212
157 161
70 223
53 80
157 196
121 169
22 33
102 168
77 104
169 295
58 281
145 299
70 146
129 281
85 227
102 175
67 195
89 94
26 76
140 244
117 274
128 280
137 227
230 295
109 257
7 232
237 280
66 210
132 164
2 95
166 250
69 184
108 222
6 22
63 106
33 242
158 233
23 40
52 287
96 206
234 286
126 213
194 231
27 225
148 199
97 274
51 279
59 236
172 240
70 256
164 272
82 265
258 297
90 136
144 248
55 293
20 239
13 152
14 279
138 260
163 271
52 128
225 273
278 292
208 262
38 236
45 100
97 160
49 284
207 263
50 195
265 270
148 156
135 208
184 187
127 132
12 63
2 154
136 293
108 291
115 269
98 219
148 259
134 144
15 33
82 248
69 139
20 113
84 118
63 240
182 201
142 258
246 274
41 155
121 164
213 248
34 114
119 261
48 66
120 141
11 42
88 177
125 156
170 217
145 178
68 243
48 72
167 185
88 214
121 214
5 131
21 251
139 233
66 118
54 119
267 269
99 262
215 272
280 289
89 114
64 183
150 261
254 256
153 197
31 278
215 245
79 252
47 105
75 101
61 133
49 209
83 150
3 176
91 170
63 167
13 130
68 153
97 122
83 215
54 259
101 273
47 225
71 254
48 119
125 291
191 262
98 185
166 197
282 294
29 284
34 96
25 229
220 266
47 227
80 253
268 283
57 126
26 81
78 110
138 207
42 177
169 214
153 235
28 280
93 219
75 128
60 274
95 258
137 262
227 268
152 273
157 270
123 209
75 165
41 133
16 21
59 91
11 271
94 177
92 277
148 295
104 211
28 51
12 212
112 216
79 289
82 194
125 158
192 219
103 252
245 263
106 178
27 138
174 179
280 286
69 271
91 236
1 199
90 149
147 222
107 112
47 100
150 251
226 297
106 169
42 205
23 91
71 234
63 254
223 259
185 193
85 209
46 209
172 225
12 286
70 243
171 231
238 278
177 186
176 279
87 201
60 299
106 245
250 273
192 213
176 230
81 113
41 132
147 260
83 147
6 105
13 87
179 182
66 199
23 269
14 181
70 89
128 277
62 120
190 217
140 262
7 73
28 240
198 216
155 208
8 166
180 203
70 85
74 300
40 244
33 93
101 278
24 64
201 253
187 256
37 152
96 116
135 183
84 226
64 229
129 279
88 143
125 139
279 290
103 241
92 235
55 187
122 260
97 119
114 277
71 271
29 43
5 250
32 194
48 83
23 186
29 182
111 246
160 266
54 151
80 179
196 231
74 187
35 54
169 263
92 137
266 282
207 223
77 277
124 181
55 284
85 177
167 205
25 127
67 242
1 51
6 34
68 224
65 121
64 276
51 205
54 271
83 264
222 253
52 189
61 164
180 290
200 259
92 265
297 300
41 256
188 281
110 133
220 285
187 244
69 148
161 265
193 200
54 205
261 281
5 26
267 279
50 182
10 185
59 251
9 49
40 219
7 143
203 239
42 156
168 188
15 174
23 51
157 298
41 142
127 173
127 157
86 287
42 100
7 130
118 213
223 260
137 215
145 248
21 87
122 175
196 211
167 197
76 117
24 75
201 255
71 75
130 252
159 287
68 287
109 190
95 218
207 289
128 249
116 119
34 273
197 286
274 293
23 150
207 296
21 232
163 288
48 107
17 194
36 248
40 45
220 245
189 227
201 260
88 140
147 252
32 75
154 259
252 293
74 184
137 181
64 291
243 259
160 214
15 28
205 251
137 213
118 186
176 296
194 236
59 132
44 178
59 278
108 297
175 296
247 279
133 190
67 166
93 156
83 272
74 115
163 200
162 219
117 185
202 269
115 238
63 151
2 249
257 271
83 216
51 259
49 287
12 78
23 193
3 152
200 220
110 278
32 190
261 266
28 64
126 243
110 282
135 176
23 192
244 300
136 162
167 230
34 109
28 264
199 213
211 242
255 263
74 89
72 89
44 122
60 71
5 208
7 228
125 287
52 138
137 165
217 268
91 115
109 146
175 270
217 225
103 145
205 288
124 196
153 231
219 285
246 255
63 257
74 293
85 115
155 189
131 155
45 278
77 286
271 286
17 221
38 79
35 180
53 115
190 272
77 207
8 163
125 271
114 192
42 119
13 165
109 194
116 300
93 165
9 216
39 158
142 174
127 250
9 72
50 180
15 135
52 205
149 264
111 154
65 159
249 267
284 290
282 296
242 244
242 269
206 225
90 264
53 149
131 233
62 165
212 256
192 267
20 32
193 264
93 135
39 214
154 200
8 25
25 151
24 300
126 268
109 195
79 235
216 258
145 232
37 129
206 274
92 279
70 173
77 209
65 230
103 146
129 277
47 209
49 246
148 208
2 270
187 268
104 152
72 122
32 132
125 174
6 273
45 120
197 245
84 233
128 144
177 254
2 45
64 272
138 274
113 230
185 238
20 256
126 132
5 124
115 171
1 23
143 179
189 289
91 218
27 51
36 106
197 215
82 114
42 243
50 241
180 184
120 131
187 209
113 194
44 243
48 147
164 257
286 287
117 229
94 149
78 122
6 85
208 232
66 274
139 183
89 136
173 243
94 224
242 261
123 217
6 248
24 188
104 244
93 268
38 184
84 244
134 295
275 280
32 298
100 157
18 31
59 276
221 280
66 130
6 142
251 287
79 279
63 207
34 161
19 216
115 246
52 141
56 117
145 149
41 162
40 279
108 197
4 78
141 274
184 280
225 252
31 151
132 231
26 276
177 299
7 55
117 287
195 269
222 281
212 272
64 145
22 204
41 58
137 233
97 117
85 261
25 259
60 272
91 95
84 135
153 215
40 212
21 104
42 134
74 167
29 208
3 58
58 158
38 279
161 223
171 285
2 254
48 273
93 248
113 220
50 161
46 270
166 213
84 222
22 184
5 13
166 285
31 160
22 227
20 161
56 82
133 270
44 99
80 226
79 245
140 283
260 263
126 233
44 85
47 219
41 43
71 251
5 84
52 61
224 285
39 240
159 192
143 228
159 275
53 120
227 272
25 234
64 290
1 103
6 299
76 102
108 272
118 172
37 219
153 194
34 106
127 203
101 211
2 238
5 30
67 173
74 146
110 142
85 176
159 213
225 267
93 159
33 296
45 76
195 203
6 48
113 298
91 225
108 166
169 218
33 252
157 165
86 187
194 281
5 191
74 231
10 233
4 70
158 179
68 94
61 145
29 272
119 297
62 247
260 269
35 218
102 123
84 259
94 244
212 248
18 269
141 256
131 197
239 249
27 269
70 159
21 171
71 83
225 290
31 194
75 162
163 170
159 286
91 284
80 177
48 132
19 110
94 173
19 55
108 167
68 248
60 197
63 249
147 244
164 288
139 238
52 163
62 86
50 177
191 221
28 77
88 142
219 237
37 165
39 270
4 44
78 300
24 180
185 296
112 201
203 295
7 20
85 294
79 297
25 102
37 194
137 166
10 224
207 216
29 294
210 294
13 102
100 205
47 187
183 258
141 176
67 213
110 134
36 109
10 235
211 224
138 300
195 242
29 194
77 184
211 244
171 236
110 169
23 161
8 146
221 237
106 126
14 233
142 156
36 145
28 124
68 226
91 169
18 298
64 186
21 101
38 107
20 86
14 172
34 176
288 296
13 52
46 300
160 272
230 291
42 65
26 198
203 233
37 51
14 150
28 209
102 221
59 89
205 216
177 190
114 181
214 220
169 215
245 292
199 209
46 61
113 188
158 184
95 210
221 292
124 201
257 291
126 173
219 265
242 293
153 297
139 239
167 262
78 186
89 300
79 284
158 291
101 161
61 114
201 240
124 251
122 240
43 84
199 243
13 245
105 259
134 190
62 95
42 46
156 200
192 269
174 248
86 254
39 286
46 272
74 148
27 241
81 279
130 215
224 273
22 122
67 252
29 257
89 167
103 281
90 101
18 227
258 278
3 55
49 106
22 287
93 196
106 263
186 299
78 156
2 245
32 151
64 147
37 290
19 151
8 234
61 77
84 300
175 210
6 174
132 227
231 288
170 250
28 71
131 201
17 110
211 239
17 294
105 265
26 191
186 212
121 256
164 198
59 172
5 266
183 203
18 187
113 259
272 287
9 95
64 143
192 244
7 217
23 111
157 241
6 38
7 292
91 270
44 191
105 135
51 223
157 209
207 270
143 245
152 249
254 294
22 126
43 103
14 253
24 251
80 250
160 202
141 157
137 204
5 50
57 82
89 116
212 220
22 45
136 256
86 250
15 221
49 143
220 242
139 173
123 249
204 227
13 134
64 141
157 179
167 187
124 227
40 145
136 137
12 111
128 195
200 243
58 280
20 40
125 147
244 286
14 272
127 223
285 299
181 248
242 279
3 189
15 298
22 125
149 176
160 196
104 234
269 294
72 209
238 257
41 201
201 219
105 257
30 33
118 152
97 259
241 268
77 149
155 267
60 226
114 228
90 194
258 264
46 77
155 271
80 213
67 272
41 171
144 247
8 281
62 280
50 158
225 232
157 225
2 143
33 55
117 295
136 197
189 259
249 262
148 252
178 262
192 259
94 254
15 19
52 139
112 210
122 191
79 124
36 201
89 220
4 240
109 139
42 174
49 144
139 240
208 225
15 128
146 277
175 281
102 261
77 218
177 286
97 298
200 268
13 164
175 286
121 274
154 245
127 255
78 100
54 235
169 289
109 285
98 259
159 204
123 210
94 286
8 140
60 72
199 271
21 298
22 257
12 46
30 158
78 273
104 265
155 266
220 234
126 253
64 158
86 144
48 165
137 152
4 125
67 91
172 181
66 287
125 226
160 250
249 287
178 277
101 112
127 256
59 220
174 206
7 170
12 215
176 228
89 247
42 272
221 233
276 300
10 222
65 72
28 268
162 272
276 277
65 231
75 232
68 289
48 92
20 140
253 256
100 260
4 163
218 227
57 237
16 56
152 252
141 239
220 280
120 123
216 283
160 256
139 252
52 244
41 247
4 82
17 47
3 180
251 295
80 246
192 248
54 114
40 128
176 255
87 180
15 150
177 193
42 124
146 278
141 272
33 270
4 84
51 99
155 220
191 205
36 232
54 212
17 148
93 111
116 213
71 231
167 198
41 124
22 289
71 90
92 274
226 232
144 232
132 234
181 287
79 143
50 139
86 119
155 188
8 48
178 218
18 130
138 223
47 291
140 267
223 237
185 219
27 196
113 247
4 68
2 210
12 55
143 283
131 218
179 210
100 129
31 149
18 171
162 229
65 299
21 122
57 224
105 220
262 298
25 278
62 102
66 97
66 127
188 226
25 190
32 189
269 284
66 154
53 233
118 197
189 242
136 156
78 205
46 261
16 53
164 206
156 180
13 120
139 297
118 277
39 168
196 294
28 96
47 129
65 292
63 190
160 296
200 249
140 284
155 181
135 253
114 255
76 243
82 139
104 202
39 171
92 96
49 147
57 298
154 229
36 79
49 262
78 266
143 275
163 261
152 207
3 114
125 249
124 195
191 254
36 76
230 242
25 65
15 276
181 215
193 205
153 264
100 224
17 216
171 298
130 271
11 23
275 284
7 148
53 208
54 82
6 158
3 296
121 206
55 104
150 279
10 147
229 257
152 155
182 243
4 263
63 286
168 276
84 150
165 287
194 242
195 237
102 127
90 102
60 186
223 245
30 119
29 288
44 263
156 256
153 300
276 297
183 257
33 129
88 234
39 172
170 259
263 292
122 243
96 169
268 280
28 216
117 207
123 251
141 158
134 280
180 259
106 187
160 239
163 181
224 292
24 243
172 292
241 297
184 200
75 79
112 297
13 24
118 189
107 206
145 172
40 210
131 265
229 266
86 98
142 231
263 276
150 264
186 262
29 175
124 240
79 254
92 227
8 290
254 257
128 292
100 300
243 269
246 266
48 73
135 146
84 239
87 233
127 300
59 169
148 175
158 269
176 277
245 246
97 287
20 166
140 245
22 281
30 275
56 100
4 237
266 295
82 207
29 262
132 200
194 205
91 213
153 261
187 295
177 276
46 252
110 224
61 83
11 149
85 118
60 81
83 300
7 101
132 253
5 95
178 271
101 272
43 212
62 189
97 258
2 125
145 150
154 227
19 225
83 237
121 228
56 292
137 161
211 263
20 95
21 263
258 259
154 223
56 293
210 241
8 223
148 294
88 217
24 120
19 281
108 229
152 214
114 282
89 195
43 113
66 224
95 237
141 258
34 190
18 108
59 185
63 118
59 150
54 288
62 65
77 230
216 273
58 235
130 160
14 22
221 294
61 131
149 268
9 13
132 235
204 273
47 164
108 139
7 173
117 288
74 104
37 48
142 234
90 186
177 191
96 157
63 179
4 157
172 232
188 261
207 292
184 219
200 265
40 131
4 80
57 152
85 113
153 243
4 81
101 179
77 266
33 155
101 210
226 229
106 114
162 249
163 266
7 26
162 275
20 173
53 281
40 185
212 246
9 174
131 149
222 240
68 271
153 198
278 287
161 232
54 279
132 229
150 214
118 174
179 266
77 138
56 255
21 68
193 248
41 276
161 270
190 266
87 162
116 291
38 156
113 125
39 79
3 115
66 279
64 247
234 280
13 73
28 132
35 104
104 209
70 87
3 89
7 136
107 205
129 161
86 253
28 249
149 283
155 247
14 109
16 251
4 114
85 154
136 243
11 262
67 82
104 193
252 265
186 279
20 75
133 220
277 280
30 224
140 234
96 119
3 42
136 167
11 186
71 260
142 285
136 189
101 124
30 168
3 294
147 165
154 269
110 300
18 210
159 171
77 296
9 176
177 293
234 243
107 161
94 117
2 165
75 285
33 289
185 277
3 266
18 218
16 294
67 266
46 128
45 108
142 254
7 281
112 232
61 215
54 165
207 258
223 282
45 97
159 205
36 291
113 292
56 162
67 123
191 234
135 160
8 82
161 211
56 137
195 200
76 238
22 107
93 198
134 261
38 95
55 85
114 231
117 173
169 250
77 200
65 252
104 257
86 166
145 177
101 199
15 264
54 201
164 188
76 250
160 191
3 298
199 203
139 277
181 264
11 51
77 223
85 282
121 266
53 242
159 232
166 186
23 257
82 260
177 211
24 265
118 286
46 215
3 297
54 156
70 184
57 114
10 82
180 206
106 221
37 294
157 244
89 120
85 255
12 220
210 283
14 166
11 167
81 255
144 298
57 139
41 293
8 33
41 176
102 226
5 77
1 38
122 214
89 249
146 198
177 253
13 282
173 295
151 241
20 147
6 30
164 197
120 199
17 132
8 35
43 156
71 223
229 281
282 289
87 200
48 288
125 128
76 194
173 300
216 225
130 228
6 98
17 215
111 153
73 95
214 226
7 56
53 131
108 284
161 248
47 137
19 195
29 267
18 243
122 124
254 279
134 237
217 255
26 77
67 186
16 231
79 287
90 232
68 242
50 245
7 297
43 133
116 186
78 267
49 178
180 216
6 19
156 168
61 91
148 298
81 229
58 295
133 298
179 213
40 152
72 225
37 257
137 261
101 114
3 217
68 89
37 179
30 246
11 28
57 243
72 135
93 263
9 17
7 262
104 181
77 101
23 72
27 167
114 273
69 79
57 102
102 205
7 213
127 221
43 72
252 263
153 179
89 147
221 273
26 140
50 251
118 262
23 54
108 196
157 248
225 284
23 120
23 86
110 213
167 211
45 218
39 206
155 241
12 275
64 135
175 252
30 38
40 256
183 208
85 150
40 284
32 150
78 195
57 220
107 216
3 164
51 227
25 236
47 106
72 223
111 176
43 185
38 151
55 177
271 293
48 206
99 121
15 257
35 292
42 212
5 244
7 106
115 218
280 295
71 248
172 256
57 132
16 74
57 206
62 164
43 83
165 218
121 138
146 161
164 296
6 286
13 229
27 86
212 264
159 271
139 299
223 280
30 40
59 175
50 219
227 239
10 113
186 215
226 298
226 266
144 178
43 142
58 231
171 215
209 255
19 144
3 280
58 220
57 70
63 273
242 300
41 264
54 187
43 279
12 76
39 164
284 293
181 263
202 260
148 216
39 58
9 122
5 33
79 168
195 295
13 95
123 231
62 129
238 290
75 155
151 293
278 279
152 194
26 87
202 208
32 149
161 233
65 258
20 150
17 254
4 145
101 227
47 234
130 298
8 211
199 263
108 277
59 76
149 269
40 250
21 228
15 30
103 161
93 138
73 293
84 102
45 180
117 137
136 297
14 215
114 253
155 243
93 222
187 224
16 201
185 243
135 190
86 264
152 275
83 169
54 94
80 187
142 289
128 228
45 171
135 179
91 174
134 274
196 239
79 244
21 121
111 203
116 211
65 218
80 122
147 157
84 217
20 68
48 207
38 59
87 174
106 132
167 220
188 285
66 187
116 161
161 228
43 118
79 209
69 274
29 168
209 239
93 197
190 283
112 266
162 166
108 262
119 187
88 256
35 161
60 114
259 284
67 106
69 141
67 251
29 286
170 291
38 144
168 258
100 255
175 207
4 243
109 237
200 279
42 78
194 249
22 60
87 192
1 281
42 245
140 212
172 205
187 257
114 173
35 152
87 267
215 299
117 150
115 240
105 106
83 90
154 218
31 235
201 212
23 273
129 203
20 266
143 246
157 213
62 68
181 276
3 70
282 286
56 58
201 248
79 171
221 296
43 274
40 102
42 163
19 48
52 55
22 121
35 103
195 250
47 48
77 195
29 259
174 191
48 149
40 63
50 204
95 244
50 59
27 160
93 206
29 136
135 252
43 79
34 41
134 224
30 79
8 243
58 189
219 238
48 240
170 260
97 216
33 127
50 176
42 253
176 178
107 119
104 138
106 260
130 256
4 283
246 254
174 226
18 73
147 155
37 102
147 261
44 123
126 199
238 244
103 219
73 180
175 277
66 252
170 262
67 288
9 25
254 297
111 195
49 112
42 220
43 131
117 265
30 58
219 290
136 276
101 241
247 265
35 170
24 175
194 257
89 137
52 184
52 256
29 290
3 158
61 190
118 170
68 299
168 227
58 126
143 227
181 292
50 94
8 66
146 262
238 280
235 267
9 109
161 193
54 123
163 171
172 262
5 199
151 185
89 113
129 173
269 272
69 99
102 173
49 182
87 231
69 213
53 292
129 153
138 239
67 99
81 201
129 214
28 133
247 276
179 217
128 140
130 274
93 241
150 233
64 211
99 269
155 173
40 208
55 252
11 298
46 82
147 265
79 119
80 249
53 119
83 287
159 244
91 104
84 97
24 115
95 213
8 107
76 192
224 254
76 133
184 228
25 165
240 260
57 95
104 278
202 268
116 147
97 263
68 199
110 191
135 264
107 191
78 132
25 146
51 239
30 66
33 184
81 88
49 292
87 118
33 203
138 197
231 273
72 273
22 213
16 113
176 219
34 134
32 217
61 223
187 230
138 229
4 53
72 131
220 227
220 298
80 267
57 217
124 250
15 199
73 264
199 300
26 242
51 226
3 16
25 286
69 291
11 152
84 145
15 189
148 186
111 275
92 107
192 281
102 294
107 154
24 43
5 102
206 231
70 228
126 225
70 283
2 247
211 245
58 118
41 81
98 202
108 235
37 182
77 121
119 191
163 196
97 294
136 280
40 294
199 269
142 292
161 180
171 192
52 137
82 282
206 211
82 246
40 100
79 246
54 159
153 171
143 170
155 265
172 285
36 298
58 172
99 263
205 244
189 232
235 251
257 289
145 242
252 298
192 262
128 143
95 216
96 298
71 240
169 249
147 193
193 218
92 254
55 175
4 175
52 217
14 221
37 137
96 168
40 191
75 294
137 271
257 287
113 191
264 290
97 188
61 225
47 181
97 242
20 49
120 140
42 133
42 108
75 219
176 198
201 229
4 295
220 244
4 235
155 168
180 276
65 133
205 270
112 174
178 197
29 282
114 263
97 233
27 200
117 252
5 9
248 283
258 291
141 227
57 223
141 221
57 253
26 97
6 265
132 298
172 237
55 290
156 211
4 102
236 276
30 101
157 289
67 289
279 284
45 184
158 166
155 195
34 74
125 233
44 287
132 176
25 249
12 167
7 274
18 151
90 267
76 115
90 120
228 290
227 261
20 67
123 262
15 185
34 233
203 238
73 229
19 277
41 229
64 221
101 183
185 284
230 254
175 297
34 182
86 140
77 88
52 69
120 147
155 202
5 71
100 143
10 15
155 257
17 90
93 210
10 255
5 140
98 99
72 190
57 212
45 273
47 76
10 193
98 166
68 178
13 60
78 232
131 160
155 232
25 117
67 165
52 276
114 224
59 296
57 78
93 132
167 223
133 175
58 162
27 244
17 153
142 160
46 237
144 210
214 297
110 177
145 151
10 262
27 179
42 166
130 170
77 240
11 249
75 260
21 177
86 148
119 248
111 117
63 72
60 268
119 176
12 98
281 285
93 288
268 297
48 157
52 269
253 265
65 176
161 227
37 273
25 277
41 120
229 254
198 293
22 279
149 165
155 262
164 295
72 182
11 94
269 295
190 273
158 256
21 51
27 247
143 223
111 120
123 161
197 203
168 210
64 101
111 228
16 292
121 246
73 159
12 34
83 230
117 149
212 276
179 295
22 164
108 217
100 124
161 179
70 88
103 205
181 261
70 156
170 257
52 133
142 177
163 295
282 291
151 246
31 271
184 230
167 206
18 123
133 140
9 259
100 183
114 280
42 290
80 216
133 229
38 66
9 30
13 124
71 225
35 40
252 282
189 224
65 201
72 180
82 242
149 159
15 23
164 168
198 250
68 220
131 162
11 278
116 230
37 266
175 238
127 161
10 198
49 61
25 170
140 232
17 240
107 258
12 235
68 175
29 226
77 282
92 222
89 223
78 175
26 133
93 121
76 134
150 259
137 197
75 121
8 44
42 271
76 196
34 65
14 32
66 81
105 193
159 215
7 168
26 115
79 125
7 174
60 94
5 212
133 137
144 152
130 288
14 173
34 276
12 93
156 240
155 272
12 27
62 148
1 17
40 239
113 295
22 181
249 282
54 102
99 294
5 211
118 201
26 27
122 229
119 127
79 164
134 170
103 192
258 268
10 18
33 65
80 105
147 216
76 282
63 90
50 198
111 272
185 294
35 124
51 165
55 275
128 207
29 124
17 238
20 119
29 66
93 276
79 234
15 43
195 251
165 225
31 109
148 236
156 285
18 286
28 170
98 147
121 258
167 281
86 100
156 196
82 93
98 157
106 237
68 270
181 208
146 293
45 176
206 271
36 187
58 195
73 162
39 155
56 135
55 255
92 184
50 201
127 275
48 60
52 153
16 204
28 55
1 144
224 262
204 266
39 163
115 236
19 223
21 158
40 67
123 268
68 76
208 268
54 162
183 215
30 207
29 221
28 246
15 284
155 165
163 221
267 275
15 79
202 256
178 256
19 119
169 212
100 289
127 288
41 292
139 298
63 236
101 296
14 165
129 295
44 251
127 273
27 110
159 210
147 213
47 130
241 253
2 206
17 140
222 257
87 182
204 280
67 152
12 196
25 152
112 192
50 270
139 255
235 293
156 184
116 143
94 170
58 133
32 224
40 97
50 95
68 165
37 84
81 112
50 110
135 230
19 266
177 295
150 155
146 231
140 217
62 274
31 251
92 211
11 181
14 231
191 266
36 46
46 293
28 87
5 269
230 272
94 265
15 61
116 212
145 159
131 231
66 73
120 195
63 235
177 187
208 300
68 101
41 221
71 108
104 160
165 246
171 279
38 128
236 238
44 206
42 190
24 255
84 190
56 234
160 189
30 172
32 282
278 290
210 248
10 29
32 213
164 270
15 73
39 197
49 154
13 218
161 178
132 155
101 300
44 91
37 251
13 27
167 181
14 138
19 205
45 282
47 84
63 229
8 127
16 94
62 153
257 285
68 205
194 251
169 208
91 199
214 275
212 226
102 276
231 261
204 205
150 210
121 189
32 68
66 215
216 230
105 280
174 193
57 93
91 148
153 173
18 290
84 295
44 51
199 279
229 238
9 247
109 210
29 135
201 241
228 261
156 251
97 282
10 110
83 116
47 259
41 177
58 207
73 211
14 192
72 221
51 66
57 201
135 139
133 189
101 115
47 256
83 274
193 267
57 121
95 155
145 199
181 219
12 28
19 135
57 227
110 216
189 238
24 38
44 200
12 186
39 276
202 277
20 114
228 238
118 144
39 76
24 62
201 285
19 154
138 148
184 212
209 235
185 276
237 248
186 269
229 275
39 180
27 44
202 251
39 228
171 259
43 162
44 61
79 112
177 214
32 84
27 122
96 114
70 111
19 54
149 183
248 254
229 270
219 232
96 201
237 296
206 286
277 299
29 241
64 103
117 171
59 121
166 191
86 150
191 295
222 280
54 264
161 264
62 279
101 256
187 218
126 203
168 192
10 27
39 148
41 172
16 128
83 158
110 207
5 116
101 126
112 189
61 95
127 207
12 281
207 294
24 252
121 263
5 32
245 289
71 291
96 165
72 229
243 278
62 275
77 222
95 266
182 283
80 264
39 47
98 242
61 231
84 93
46 145
37 216
139 291
14 148
163 229
117 183
62 126
13 255
96 109
133 258
85 291
103 257
85 284
43 63
105 141
92 170
90 225
52 166
118 178
65 166
9 227
275 289
149 266
274 290
85 135
136 266
18 53
38 135
15 72
87 144
83 260
146 197
118 291
71 230
120 235
11 65
73 185
189 208
82 287
96 220
137 156
150 292
136 278
21 274
67 98
56 195
13 25
187 262
239 266
9 101
56 271
1 77
128 290
23 75
29 149
16 81
34 191
14 158
180 231
18 297
51 168
74 163
89 166
20 204
88 98
163 201
8 198
261 269
172 247
164 251
106 256
147 295
17 295
46 198
11 290
54 283
280 281
37 180
70 259
150 239
183 200
42 176
247 284
163 164
5 225
120 156
35 201
248 292
54 223
19 254
85 198
179 262
114 132
38 249
216 248
23 166
71 245
196 220
116 158
23 34
249 261
22 37
2 56
25 88
280 285
16 254
23 138
151 263
122 196
119 235
45 177
187 297
142 222
184 250
53 211
150 235
77 236
110 115
78 246
192 194
178 227
5 299
144 194
131 183
135 237
147 272
218 249
212 280
95 284
178 285
24 126
255 262
147 205
68 152
62 158
151 209
60 187
61 113
182 274
52 146
29 225
110 151
49 124
149 273
230 256
16 64
13 256
14 299
221 239
39 194
188 221
19 175
98 246
99 277
15 132
114 205
43 181
34 143
17 195
138 257
247 281
172 299
80 227
9 258
90 112
21 268
29 198
33 38
194 276
9 173
144 149
106 194
46 163
64 222
188 290
109 267
89 189
31 285
138 146
44 221
42 109
29 237
4 176
101 137
57 98
7 120
136 142
168 181
26 117
84 112
112 213
3 41
210 217
75 140
118 296
14 296
78 89
61 206
28 178
93 146
65 106
121 205
210 222
267 281
114 161
97 204
27 137
36 269
35 299
89 105
275 298
8 73
95 221
121 216
85 268
131 159
19 106
151 222
206 223
7 264
136 181
239 257
172 187
169 195
171 216
62 231
131 245
42 184
21 137
45 196
11 255
33 106
96 112
55 144
32 218
36 214
34 108
59 114
154 171
20 252
62 250
87 147
173 250
134 269
12 161
99 166
50 122
111 196
148 270
119 131
145 203
57 97
10 131
262 264
99 143
97 192
155 218
124 228
12 122
87 285
105 274
88 281
20 167
66 228
17 67
267 294
171 175
211 289
158 286
42 111
94 99
44 298
83 289
236 255
33 118
12 229
105 184
142 267
111 284
46 116
69 287
170 185
8 169
50 211
131 161
59 241
160 210
120 200
37 256
48 175
10 54
15 39
182 210
88 275
44 282
15 139
45 208
103 104
26 39
106 262
93 284
4 271
115 233
227 242
23 235
110 250
86 173
27 204
27 47
5 216
164 187
235 255
88 138
8 178
37 197
105 121
39 154
77 171
19 146
66 245
74 278
181 252
53 236
17 164
149 276
155 277
142 226
109 138
79 213
114 292
123 156
63 112
15 140
34 149
18 170
128 155
77 114
129 246
132 171
48 230
34 146
73 126
8 191
127 186
131 227
89 214
1 83
80 115
163 250
161 297
5 235
62 296
170 282
9 118
15 34
8 92
4 291
48 136
133 209
141 207
232 276
104 268
43 202
14 220
230 281
41 160
22 51
92 295
255 258
55 229
70 178
1 261
33 122
72 216
198 249
165 253
59 158
239 251
19 33
17 27
89 212
53 176
192 292
99 278
14 164
101 111
32 205
104 106
103 122
40 60
165 271
41 297
63 194
111 216
50 272
8 196
4 36
62 299
254 259
254 299
147 238
142 162
72 297
81 133
21 221
17 82
44 205
27 98
24 98
36 286
279 294
146 267
213 270
169 174
127 191
17 116
197 251
28 60
133 290
75 166
123 225
139 249
148 195
36 47
16 296
2 267
117 194
56 220
211 280
122 127
61 246
83 152
129 148
52 173
41 145
251 277
141 170
65 293
15 45
149 267
16 45
78 91
74 116
35 71
24 140
246 277
33 61
80 200
7 32
170 299
138 291
44 77
46 80
197 230
143 244
135 229
230 260
42 214
253 277
172 291
148 243
33 146
41 59
179 275
244 298
69 300
27 217
185 249
58 203
102 167
151 271
102 232
9 67
12 218
56 246
4 93
82 104
165 290
172 189
6 287
149 291
48 228
61 250
252 292
36 242
188 280
50 175
131 206
12 298
75 139
184 260
57 229
155 259
8 97
91 159
87 125
120 278
11 48
256 257
29 125
69 75
66 111
20 87
130 272
51 289
78 105
232 294
53 107
9 191
93 150
39 278
82 167
12 205
35 36
66 244
197 208
84 297
126 195
107 194
80 173
226 269
78 236
59 212
118 167
2 103
139 151
207 234
60 160
83 173
67 215
166 266
181 187
105 160
35 175
179 300
153 182
27 30
137 254
230 275
82 235
78 199
7 114
165 242
92 114
12 56
15 171
98 238
34 144
246 264
52 63
148 219
110 285
172 179
58 257
108 243
124 180
259 282
88 209
233 294
164 220
200 269
70 166
126 208
61 126
53 124
2 277
42 285
219 225
16 282
64 177
27 82
102 148
8 220
1 289
192 195
141 283
9 204
211 279
52 211
29 164
45 248
202 233
83 290
2 50
44 125
54 101
45 258
129 274
229 240
88 232
63 217
1 224
49 125
129 184
135 231
139 236
174 199
129 265
152 160
79 225
120 154
83 175
201 292
56 101
19 158
89 218
4 90
206 212
173 215
47 111
52 262
152 269
137 279
137 235
135 289
123 298
180 270
49 73
107 219
25 42
62 100
184 285
89 204
184 273
67 77
153 267
108 148
233 288
67 221
194 252
30 104
50 124
117 204
65 164
60 150
132 182
234 275
21 194
57 65
179 261
152 299
80 283
158 225
33 89
155 211
77 244
100 125
1 252
93 117
125 273
121 198
42 281
23 84
206 219
13 56
111 161
171 188
177 279
73 142
287 297
21 163
40 224
10 73
58 134
103 298
130 204
192 263
162 253
3 231
197 218
80 136
141 188
37 199
67 88
224 230
183 288
29 138
27 181
61 238
154 257
244 293
170 178
24 228
111 193
152 233
156 226
144 175
81 83
256 286
85 95
211 295
177 245
50 76
80 274
59 188
115 252
55 289
211 251
119 231
173 180
54 290
113 244
159 223
38 78
232 281
149 234
31 260
69 216
23 82
9 235
36 282
125 176
58 286
73 140
32 36
105 291
168 247
173 192
36 143
3 140
35 174
228 270
145 163
161 217
69 296
89 194
15 58
117 128
94 280
72 200
145 205
16 114
43 136
265 283
11 173
205 299
82 203
77 264
146 163
231 281
292 298
26 227
2 190
121 187
26 256
116 295
3 120
49 57
231 260
96 225
91 114
98 268
151 177
3 18
123 255
44 145
39 259
157 258
79 116
188 244
67 136
82 132
222 299
21 107
98 128
31 269
117 163
53 148
92 268
28 101
150 198
261 282
118 198
86 106
131 144
236 263
130 250
263 273
76 257
224 280
3 295
38 133
38 74
28 76
6 55
57 111
59 183
45 172
208 288
18 132
28 228
60 61
172 175
284 288
140 271
84 123
113 260
120 254
149 225
188 211
108 194
111 162
16 220
4 134
216 257
48 222
80 299
63 80
94 297
140 292
81 249
263 287
51 235
48 187
111 242
121 212
142 275
124 127
40 94
96 191
130 233
124 151
59 149
111 189
69 280
19 214
21 203
160 254
19 278
55 96
179 264
57 75
6 71
134 270
72 98
167 207
45 85
244 256
128 187
184 227
231 292
100 274
156 283
160 247
70 91
236 299
101 213
235 276
213 255
35 87
86 127
223 253
52 110
90 260
48 197
119 247
73 163
157 185
59 272
16 102
68 106
18 234
115 142
167 254
163 282
1 80
26 262
135 254
23 109
32 48
91 102
51 275
96 221
242 258
150 189
250 276
12 31
41 131
92 117
93 151
123 242
163 254
11 155
73 121
211 213
61 149
7 127
46 108
146 233
160 174
131 225
201 297
209 219
77 132
93 181
231 287
141 295
211 275
69 105
104 228
260 288
42 298
47 253
214 217
9 76
237 263
185 270
19 96
42 149
131 139
93 153
190 297
26 277
20 201
65 110
102 142
156 187
194 229
120 187
22 291
192 211
152 166
49 231
243 297
38 129
46 86
244 292
82 227
156 206
132 273
56 133
114 179
175 217
4 266
12 130
151 275
155 296
78 279
194 297
29 120
1 189
163 228
135 258
88 194
115 198
97 126
109 233
89 191
167 279
231 248
45 157
17 113
234 261
88 211
93 123
193 271
190 227
94 278
42 97
86 291
12 194
75 275
253 294
1 152
105 240
169 216
4 71
71 105
255 292
247 289
29 33
161 247
97 139
1 186
151 279
171 253
99 234
127 226
172 295
15 178
18 263
216 279
45 189
152 277
136 271
242 245
233 258
120 176
28 94
89 250
242 260
227 278
43 236
126 291
47 82
154 291
97 198
22 290
133 267
254 268
95 186
153 233
189 211
100 178
48 193
85 216
201 236
81 180
132 135
195 245
52 277
18 280
87 145
69 130
96 275
145 237
38 120
42 81
58 98
193 296
146 272
61 270
57 213
4 112
34 165
4 13
5 17
117 197
26 273
40 154
81 280
63 185
6 171
281 282
105 175
136 220
203 267
237 260
33 262
81 84
104 238
134 265
146 192
247 272
28 219
210 276
81 287
96 150
68 121
216 222
159 229
210 290
22 179
122 205
143 202
179 258
26 190
34 78
268 276
121 250
115 127
199 246
228 294
8 86
15 71
215 287
35 153
178 245
120 207
55 67
78 131
114 133
126 250
22 195
138 240
46 98
32 121
88 120
131 182
10 50
69 263
50 171
158 189
93 155
154 214
32 124
163 227
21 145
8 227
11 267
55 70
132 243
212 292
135 271
96 282
33 186
225 272
44 279
47 60
32 54
166 264
5 201
47 138
99 131
63 276
150 167
150 170
181 251
21 162
25 252
86 113
141 153
76 265
126 220
88 113
167 257
164 276
36 195
236 273
221 295
64 282
8 172
220 246
63 171
96 236
79 100
12 136
186 264
71 87
24 79
104 249
63 107
8 271
20 288
51 81
137 153
6 234
114 182
143 180
160 169
17 228
42 99
25 220
217 259
12 164
44 101
94 114
43 225
69 124
44 185
22 161
99 242
162 221
20 208
83 119
147 236
91 237
73 119
65 143
15 167
63 176
136 155
251 285
231 249
140 172
69 219
112 253
2 158
113 283
84 253
99 275
186 295
136 169
216 270
37 111
74 136
221 285
22 228
51 238
202 239
77 260
120 173
97 174
30 223
34 122
78 223
257 268
48 216
1 153
169 242
204 270
106 160
38 214
190 289
56 242
90 221
45 158
190 284
16 186
17 168
44 128
16 155
236 288
272 284
26 63
202 241
35 274
102 241
179 234
167 250
85 125
98 262
113 228
30 191
107 207
24 121
151 194
22 165
59 96
200 236
231 295
31 107
198 222
99 100
9 238
55 196
52 154
44 103
51 156
164 287
158 203
196 282
30 281
199 233
1 260
112 244
161 257
54 202
116 292
33 44
65 279
27 97
102 179
171 295
20 57
250 287
185 253
136 203
114 211
119 268
82 85
71 203
76 216
84 152
97 107
82 267
125 235
207 273
215 279
17 211
58 80
17 209
161 197
7 102
134 167
39 96
13 188
45 133
152 193
86 154
291 294
3 49
186 201
55 208
153 185
7 90
218 229
49 59
59 247
103 246
204 223
142 197
180 278
40 137
227 230
252 271
64 232
126 163
175 203
135 220
99 150
26 286
8 29
214 283
147 162
127 198
207 244
205 227
121 298
155 251
54 241
262 288
63 172
288 298
171 261
23 218
38 263
214 287
154 210
66 159
14 145
79 232
125 175
2 260
100 258
76 180
212 269
173 216
54 225
70 208
197 201
134 179
157 166
9 57
150 254
111 288
36 297
112 212
141 164
134 136
71 95
99 106
132 190
100 108
250 297
61 124
208 248
67 274
61 236
191 203
91 154
181 184
195 266
41 250
36 115
12 288
159 198
113 183
155 212
9 144
192 215
65 251
31 42
98 276
29 185
15 268
3 98
54 281
120 236
110 257
160 224
109 196
183 283
18 109
56 141
30 230
99 187
25 68
52 151
131 145
59 74
205 233
76 240
281 283
102 229
12 244
24 63
46 275
17 133
53 206
182 256
8 11
177 215
80 232
72 127
128 161
151 266
122 176
117 232
62 179
27 108
184 288
157 251
75 129
22 220
48 169
54 57
31 80
157 291
111 257
11 130
114 123
172 204
51 86
72 263
29 220
47 157
31 283
17 189
58 250
60 112
115 128
115 188
140 167
175 222
65 197
116 204
53 225
107 110
20 135
173 191
73 152
4 160
18 71
179 211
80 265
57 60
29 112
147 179
80 193
165 294
175 246
74 227
99 250
212 218
128 242
108 269
147 230
92 154
90 158
21 152
47 98
155 297
2 127
287 299
120 214
23 195
165 266
140 297
11 106
90 183
106 211
18 245
136 289
146 164
123 248
81 94
108 199
121 134
22 74
54 267
136 234
7 72
27 85
5 176
50 232
61 163
68 118
82 143
88 292
116 131
160 243
89 198
190 254
90 285
151 203
62 81
115 199
83 88
87 142
194 273
3 267
239 273
29 181
277 285
258 300
124 217
23 59
56 86
64 131
7 138
177 240
45 74
102 118
88 176
115 234
124 129
68 197
1 35
91 196
21 199
105 215
212 228
107 132
3 264
236 243
88 130
203 209
81 166
28 120
18 278
129 187
132 147
221 242
9 22
161 214
218 250
40 249
168 297
102 252
202 206
53 194
50 266
37 121
103 136
98 135
116 299
195 238
43 218
53 293
76 233
90 266
163 231
106 122
221 226
51 180
166 175
139 177
96 143
170 171
224 243
23 73
22 233
2 292
289 297
54 219
9 104
72 194
93 244
11 91
89 92
73 193
183 263
152 179
4 177
34 150
9 34
21 70
212 288
21 200
246 288
57 256
8 216
86 136
13 20
119 175
127 141
219 295
128 213
23 107
249 294
216 233
113 167
29 275
165 231
1 170
272 275
70 165
195 299
56 297
83 295
18 120
196 217
112 259
69 112
71 257
32 198
65 291
132 280
171 208
24 145
35 160
52 104
95 253
85 221
123 228
79 158
162 200
9 147
75 86
225 296
214 232
2 7
137 240
65 278
270 294
6 16
124 215
134 223
173 258
1 37
115 263
2 6
87 255
24 104
38 239
35 215
25 275
150 172
44 284
186 230
181 240
122 279
14 34
259 265
154 233
6 49
24 146
45 156
84 163
167 235
104 251
13 279
143 236
115 197
38 93
104 179
156 267
48 67
170 182
115 129
24 109
136 251
27 210
96 286
13 212
55 263
43 188
131 261
183 295
190 222
21 188
78 92
46 81
33 211
55 123
7 196
98 282
136 221
122 250
26 231
243 279
251 258
184 239
145 229
116 253
129 193
238 262
10 102
12 232
261 276
213 284
47 53
6 92
66 198
250 267
114 191
204 249
113 217
123 281
104 219
92 212
52 185
1 106
28 128
200 221
15 165
85 219
4 130
237 250
64 92
178 191
239 241
105 234
40 172
123 287
24 186
35 118
165 177
21 243
22 120
176 269
37 128
8 37
18 116
44 159
88 172
24 114
250 285
154 213
4 172
191 207
4 191
3 185
27 38
106 279
52 172
127 175
152 250
116 160
165 272
244 261
7 86
59 289
65 78
122 258
105 205
49 221
211 214
1 226
99 139
9 15
176 276
28 67
174 262
92 297
143 230
8 261
39 241
45 295
121 225
188 279
169 279
23 153
125 138
226 264
74 159
199 265
192 296
76 249
164 271
34 121
47 71
65 247
9 224
101 148
170 172
126 194
198 231
100 238
36 252
40 138
113 253
10 122
25 281
257 288
237 273
97 296
91 204
57 247
19 122
76 241
49 164
57 68
95 176
95 182
18 80
53 276
181 267
62 258
52 241
71 115
170 293
39 160
73 158
246 278
251 290
61 129
51 119
175 254
230 240
133 186
103 181
8 76
46 189
94 139
44 158
156 195
35 89
17 91
80 133
48 226
198 272
152 240
60 148
39 114
58 298
37 112
65 154
60 84
241 281
130 241
221 241
65 203
198 225
160 205
80 153
10 161
19 290
182 262
53 165
2 9
205 209
9 190
272 288
40 51
129 296
7 171
52 54
147 159
36 257
88 259
233 299
7 269
107 274
10 101
119 129
130 210
77 179
79 274
92 247
43 168
13 241
116 282
159 182
157 295
2 300
126 167
9 53
49 198
45 276
225 251
36 146
38 230
135 224
121 128
91 100
39 115
19 104
171 265
44 257
155 231
7 294
95 147
131 257
209 261
47 264
1 177
71 258
82 146
73 98
129 242
19 256
32 100
171 256
54 260
227 231
212 247
87 160
226 289
11 246
159 290
50 214
221 284
25 138
14 90
105 209
45 168
32 145
131 251
2 299
8 282
44 264
15 207
156 164
96 246
69 162
46 159
85 223
118 212
139 231
7 108
64 66
92 129
113 179
201 286
25 51
69 279
136 222
23 248
31 225
121 238
167 172
145 296
21 75
93 236
5 298
70 99
152 178
96 106
47 212
69 183
107 143
185 300
73 78
113 263
206 265
50 258
109 221
89 273
51 144
198 268
91 197
8 22
83 142
101 156
89 279
31 74
93 243
75 116
59 141
175 257
191 239
82 212
41 60
85 210
74 127
99 162
119 232
97 176
16 62
60 130
151 234
47 132
51 247
274 286
149 172
281 289
79 154
256 258
99 163
124 298
132 134
77 279
16 26
102 137
6 166
26 166
242 257
4 98
66 218
12 61
35 112
99 216
32 170
198 263
21 92
30 247
43 137
81 281
72 102
211 283
271 278
259 260
19 243
96 136
20 209
123 276
205 232
80 169
48 249
148 167
56 240
25 105
164 195
44 256
235 238
14 16
5 98
5 57
215 292
80 258
25 271
90 154
12 139
70 225
53 271
16 147
196 284
25 242
115 291
84 104
228 280
88 107
280 298
190 231
16 244
19 208
16 54
157 228
2 174
30 291
55 149
111 229
241 243
69 72
75 170
15 78
95 255
12 84
150 277
78 138
98 160
103 165
138 165
25 57
40 252
35 60
58 232
67 161
79 135
66 80
137 280
145 147
46 228
13 227
120 203
114 194
122 297
2 192
28 113
9 143
130 257
48 292
30 125
173 265
188 286
75 271
238 267
6 117
260 283
57 99
120 130
87 112
11 256
243 261
79 198
62 147
123 127
105 182
34 110
214 281
37 118
100 126
77 102
158 287
47 228
2 137
65 233
119 199
30 117
131 137
80 123
106 118
81 190
116 237
67 257
88 191
100 120
262 283
224 288
82 229
46 286
7 265
103 223
36 218
15 112
33 247
111 238
175 256
62 154
33 172
225 274
103 266
130 147
39 287
12 287
112 162
52 296
12 253
93 278
39 40
116 217
13 105
27 207
214 249
18 172
88 178
43 268
112 191
169 262
90 224
79 299
49 138
24 276
65 271
14 188
202 252
38 235
18 201
5 246
22 273
121 148
223 239
52 268
272 294
2 228
183 276
32 50
67 192
33 94
65 255
76 111
90 213
24 31
199 255
103 129
29 117
114 129
27 238
99 132
143 274
111 187
90 178
43 128
131 253
28 285
21 131
109 172
78 129
41 88
192 223
102 159
53 296
129 247
155 258
195 255
2 124
70 129
40 175
159 261
93 141
147 239
60 291
93 274
170 289
7 186
169 210
95 197
17 279
27 280
6 275
110 258
220 253
121 178
46 136
42 195
167 259
67 145
71 146
43 263
167 242
133 276
192 225
4 248
148 283
133 250
118 230
150 174
53 141
92 189
191 238
83 254
42 87
60 166
205 208
96 127
82 200
78 284
56 69
1 96
38 283
45 59
1 222
184 271
210 258
58 198
121 183
29 189
51 266
4 288
118 165
184 294
15 216
145 255
159 256
106 156
91 92
142 204
51 211
67 267
99 196
31 257
1 221
152 187
175 192
57 271
94 240
132 212
12 97
43 67
37 259
99 273
149 193
49 161
47 162
13 294
203 251
27 136
183 226
13 43
62 176
84 266
34 202
203 235
28 224
171 258
89 248
66 94
83 221
161 260
218 257
18 103
113 211
4 139
93 96
8 170
45 260
152 174
70 192
48 142
248 270
122 219
130 243
203 244
29 37
60 195
143 174
34 250
98 300
18 62
41 260
167 240
120 217
83 212
157 192
3 210
23 148
72 87
131 195
162 227
187 267
164 171
53 74
14 126
15 235
168 173
94 248
231 298
84 169
79 90
211 286
228 240
186 268
184 262
86 96
206 292
15 154
220 251
143 296
142 235
273 299
21 83
144 235
86 228
23 184
41 158
164 190
47 184
58 146
102 122
34 232
200 264
53 295
100 110
101 129
155 270
13 139
141 296
162 202
17 206
191 290
124 175
20 91
182 251
80 247
237 259
224 294
157 188
199 293
27 96
23 256
38 119
114 150
231 279
96 288
30 90
25 142
211 227
120 145
94 188
32 74
68 70
66 216
200 273
98 298
85 203
39 105
272 292
87 241
39 166
201 267
1 167
64 161
150 195
54 77
9 285
103 158
5 272
75 182
150 188
105 288
88 173
168 279
128 283
4 264
9 178
228 299
44 173
111 236
46 151
28 107
50 99
2 200
29 167
96 98
6 186
67 130
24 211
51 225
250 281
194 204
74 130
152 239
64 281
123 270
208 213
83 136
45 49
209 264
21 150
77 159
190 233
28 53
28 157
49 260
224 270
92 98
122 281
75 218
150 276
172 208
153 210
168 300
144 224
161 170
14 72
206 273
2 122
22 81
96 226
62 215
237 295
140 272
66 254
73 241
26 185
139 253
24 28
28 163
127 167
88 147
11 41
84 96
34 189
80 217
88 271
172 234
11 92
60 109
80 194
103 178
67 78
27 99
142 297
48 231
154 169
105 245
29 295
73 268
75 130
9 10
239 286
144 254
44 72
23 159
69 293
23 147
40 278
83 227
59 61
10 79
104 203
97 143
4 133
112 221
13 121
250 253
140 228
3 222
78 198
124 193
100 259
21 139
21 207
105 252
103 112
267 284
63 157
11 29
202 295
14 178
129 222
79 238
27 50
80 121
20 97
17 171
217 221
67 125
140 238
145 240
4 40
70 170
129 285
113 297
28 190
78 248
20 149
219 256
206 281
112 283
139 268
81 290
125 295
66 263
46 285
112 289
214 280
82 223
170 195
55 138
99 241
28 276
25 74
60 177
125 203
24 275
58 299
127 291
21 291
89 181
133 249
29 126
52 111
95 143
109 236
37 42
14 295
9 271
46 200
41 237
90 299
125 126
254 280
250 262
29 222
82 121
176 222
118 261
214 270
27 118
264 296
46 99
207 236
75 118
95 233
87 104
133 232
129 185
119 239
94 118
120 230
159 234
55 259
202 300
19 268
184 296
25 66
214 264
213 232
53 298
29 300
48 52
226 296
86 104
101 239
4 259
270 293
238 248
111 191
53 81
211 232
49 80
165 292
60 120
80 231
20 163
32 76
130 177
107 172
42 235
232 240
3 77
34 282
50 69
123 195
95 222
21 28
262 275
170 246
120 162
30 137
9 167
3 138
8 99
223 299
33 237
88 182
12 207
58 186
114 125
163 225
166 203
126 148
165 247
45 72
110 268
59 300
133 192
154 248
41 295
252 296
121 241
42 154
125 137
33 64
27 198
32 122
77 111
15 160
103 216
122 299
174 215
49 111
73 124
190 267
267 270
238 268
188 288
95 169
6 144
77 106
42 96
18 180
43 87
123 196
38 244
128 202
219 251
233 251
11 191
145 285
131 132
121 127
133 212
36 198
83 176
66 289
49 222
87 237
121 224
201 235
56 144
251 288
79 208
158 276
57 284
128 139
5 154
10 136
101 143
38 204
127 290
29 102
27 263
47 67
149 253
193 288
53 283
34 115
176 233
178 253
34 113
44 195
70 140
214 292
225 247
191 223
132 185
11 293
41 71
133 172
114 117
64 128
71 280
121 165
82 243
6 102
171 291
18 299
122 227
53 268
149 169
40 271
121 161
81 238
103 198
172 242
91 233
10 264
168 208
82 228
15 250
33 243
28 143
230 287
108 130
30 153
19 183
86 143
100 166
48 242
87 154
182 213
119 205
92 94
80 260
132 206
37 229
56 239
83 106
35 296
50 102
48 125
165 171
59 163
102 165
109 111
54 55
74 266
18 264
21 198
12 261
123 173
29 54
214 265
37 147
225 268
123 259
80 186
175 260
246 292
74 161
61 154
12 160
22 26
124 137
55 107
53 193
53 299
83 207
84 162
87 141
70 230
33 103
54 287
53 291
87 98
88 199
24 34
182 183
62 201
129 288
143 293
56 182
150 207
43 116
135 175
112 233
122 216
104 204
36 289
100 197
41 137
87 270
118 255
80 234
63 173
259 281
20 105
95 180
19 226
14 197
126 279
35 140
168 232
131 282
12 191
138 221
51 166
137 168
90 193
10 247
153 277
132 151
188 194
30 292
51 294
76 84
224 247
37 181
200 202
26 155
43 57
157 162
78 286
231 289
129 294
112 133
184 188
124 125
4 257
122 273
76 100
110 272
187 226
207 215
63 132
137 250
4 256
6 206
122 172
123 172
30 236
54 106
231 278
146 269
96 183
192 261
168 182
246 290
283 293
37 130
133 243
225 265
216 269
184 211
140 211
66 132
39 282
56 87
146 205
4 138
169 170
118 192
45 152
160 187
124 267
40 147
145 217
47 173
33 277
1 66
29 137
121 292
22 78
262 293
14 17
134 249
12 278
28 154
58 277
201 207
47 218
151 230
127 232
43 208
18 183
200 240
42 56
119 259
209 266
9 168
31 106
111 285
33 273
93 195
102 177
2 105
188 245
9 18
75 191
132 228
195 234
196 256
219 234
147 273
33 43
54 197
130 263
150 221
42 67
124 272
122 181
4 121
41 86
192 283
103 207
55 114
25 132
132 145
47 131
58 85
44 241
4 195
266 277
87 199
262 267
81 108
83 113
76 212
144 157
165 215
36 69
177 258
91 93
7 298
72 84
48 164
23 190
45 283
44 71
88 97
25 265
140 151
30 52
64 252
16 258
37 269
60 124
100 145
209 293
83 201
205 231
106 282
51 172
127 174
2 285
86 152
218 226
22 217
128 218
82 159
231 259
17 163
20 26
162 245
7 81
24 298
41 76
36 125
74 235
86 172
97 284
63 260
146 182
209 220
186 197
13 264
278 294
110 206
75 269
126 136
63 101
70 73
135 260
152 247
103 200
156 257
119 133
2 186
163 215
1 279
80 108
3 44
70 104
40 99
10 288
110 241
66 90
68 238
186 276
127 248
67 79
9 257
54 217
55 137
84 154
33 85
33 81
244 274
2 123
5 73
106 272
74 205
226 242
103 175
242 262
201 210
46 173
165 298
10 194
65 211
16 49
124 134
80 255
10 114
47 223
101 274
139 290
58 238
17 236
87 120
17 88
108 285
125 166
28 207
53 135
129 177
53 133
87 229
205 237
68 90
3 252
123 258
174 263
194 266
72 137
124 185
9 192
228 274
27 248
74 186
109 153
73 153
195 252
223 275
250 298
192 239
156 244
88 154
21 43
160 192
105 231
1 141
89 173
94 155
23 266
58 65
137 150
121 295
119 245
106 143
133 226
182 215
224 282
87 139
59 160
30 284
99 174
8 160
146 178
162 277
167 241
102 212
236 278
218 232
90 227
176 226
229 294
87 91
40 66
200 281
172 245
10 138
88 196
17 273
224 267
83 154
40 124
205 213
180 275
101 298
93 223
144 267
204 259
18 144
5 24
78 272
7 235
53 218
188 251
58 122
40 173
105 203
166 196
145 270
40 241
217 266
164 259
12 52
156 279
21 215
105 131
77 261
44 192
118 270
146 260
24 66
19 249
76 296
199 297
4 247
12 224
97 190
38 285
2 149
33 207
173 278
79 93
114 196
182 294
39 263
20 85
78 221
120 268
159 177
219 279
130 236
131 140
63 197
71 290
132 225
116 208
100 162
6 61
82 296
25 67
82 151
78 239
72 152
39 236
113 206
186 224
3 218
154 247
10 140
97 275
160 277
64 268
70 200
138 202
24 60
150 152
22 64
123 294
256 297
122 192
144 234
101 242
135 275
145 280
166 267
277 287
21 241
178 275
246 247
110 175
190 280
67 163
201 290
46 251
270 289
1 187
45 68
223 258
1 247
18 252
232 291
17 144
184 257
68 151
24 184
227 290
59 268
93 174
103 126
64 65
183 298
215 235
92 173
6 47
142 273
62 184
98 182
15 232
103 188
172 227
119 124
34 241
122 155
69 81
25 181
27 94
38 118
94 179
204 284
28 135
70 83
152 281
33 124
103 196
145 297
103 151
47 166
218 222
31 102
77 201
140 265
20 287
2 269
45 269
38 164
196 199
54 224
26 168
75 252
25 228
58 135
136 164
79 91
19 230
36 266
176 282
236 259
30 268
57 285
201 280
84 132
152 208
152 246
39 107
52 295
265 268
111 139
12 53
5 135
143 272
77 210
32 71
97 230
129 133
54 231
118 200
124 233
119 285
7 96
163 267
130 251
20 261
137 277
188 235
36 212
105 146
57 66
116 126
174 297
28 37
32 254
158 248
60 276
11 116
47 83
262 272
48 299
35 51
122 146
32 47
158 255
88 175
147 170
61 111
144 177
187 274
91 101
50 163
133 188
27 242
30 113
114 168
91 253
67 86
126 256
175 223
223 270
8 184
7 238
171 290
100 266
33 285
25 293
21 254
230 276
30 252
184 284
10 33
121 211
68 203
37 230
32 107
29 280
129 269
106 113
226 260
13 257
73 272
47 148
125 143
22 216
66 230
120 249
182 270
141 287
31 264
74 101
35 239
15 272
128 260
171 264
149 226
99 120
33 281
17 234
253 254
6 101
27 84
182 229
143 173
176 210
41 73
107 131
168 177
55 225
153 278
216 289
53 217
127 282
21 206
44 270
171 240
2 214
127 199
136 160
85 299
67 295
44 272
96 186
11 38
29 201
35 237
199 256
121 133
37 117
82 170
155 253
110 210
71 284
137 260
136 152
234 270
77 217
181 280
228 260
213 297
101 286
23 119
153 183
51 131
44 248
16 139
9 261
200 216
111 282
45 296
116 177
48 258
200 210
22 28
31 130
120 155
91 223
36 110
154 271
20 154
35 192
28 275
82 100
11 213
187 202
76 170
189 206
104 137
19 233
3 255
180 198
83 268
182 296
165 178
192 200
27 221
22 259
144 206
63 86
21 191
210 251
18 140
72 88
61 175
78 237
132 141
67 207
190 296
170 235
34 280
11 178
90 165
123 221
192 234
25 171
57 112
74 247
92 200
79 292
190 236
79 290
287 300
147 259
141 156
122 280
13 196
4 269
48 111
218 238
51 288
173 277
33 130
4 252
15 126
174 239
27 193
121 223
117 140
114 121
89 225
71 107
36 246
10 183
145 290
216 249
90 270
48 148
278 297
34 137
206 226
128 221
170 277
271 273
24 213
54 211
250 278
88 250
23 114
192 236
10 250
13 82
103 135
89 111
264 300
79 92
128 256
20 122
148 266
75 134
108 255
52 121
36 127
65 281
129 287
181 229
137 214
37 231
97 211
59 171
9 240
107 292
7 267
111 215
41 220
98 294
15 244
202 221
26 159
109 115
23 254
92 140
103 213
34 92
81 186
138 283
3 181
152 238
86 289
120 180
166 246
171 200
280 299
205 274
155 201
26 68
86 124
62 87
74 248
80 230
88 156
178 233
67 233
171 283
243 264
4 181
271 281
45 90
64 218
54 195
109 259
191 293
58 219
15 270
79 175
100 272
80 257
151 295
64 259
225 294
102 107
14 183
12 236
105 204
106 191
1 149
62 249
100 172
187 294
185 213
91 103
171 245
91 150
229 236
271 291
119 123
206 250
204 228
114 252
116 229
7 53
226 288
99 236
25 37
52 145
81 214
50 142
184 243
234 246
103 214
14 149
123 137
175 240
200 299
274 281
77 141
184 190
253 283
32 249
90 275
236 237
109 227
283 286
35 197
73 113
136 228
75 92
128 219
6 131
63 293
92 220
209 217
85 108
162 255
205 273
198 262
63 282
172 260
14 159
60 251
15 274
171 235
56 95
249 275
35 70
164 286
230 273
84 137
37 55
185 214
86 212
104 108
84 177
94 140
209 260
35 249
66 152
53 123
60 70
41 116
213 259
140 156
13 34
65 246
134 175
118 269
76 164
163 184
120 172
245 280
152 231
181 244
82 254
34 279
84 251
176 204
168 195
35 245
112 186
62 132
94 165
18 122
144 164
246 268
56 93
73 182
137 191
108 143
6 210
54 251
43 73
140 198
169 292
185 222
240 261
52 200
161 167
9 32
75 89
56 227
207 213
226 230
91 134
117 120
113 131
85 105
151 233
184 252
79 271
49 117
193 298
232 293
188 207
135 158
121 239
199 219
54 192
73 150
78 111
118 231
202 236
126 274
200 300
66 184
202 266
205 214
56 192
153 190
128 175
24 160
53 282
62 276
188 293
53 157
119 140
170 249
229 260
213 283
169 275
166 205
130 188
94 279
89 182
56 207
78 282
74 262
79 139
27 267
41 185
2 4
73 87
87 243
105 108
137 242
70 284
26 175
167 225
106 200
130 206
282 295
134 203
233 260
170 275
8 239
171 222
152 254
257 262
248 287
265 267
170 211
218 235
268 278
103 202
40 68
142 209
242 292
43 199
48 141
241 255
228 232
141 247
203 216
101 110
233 297
60 134
79 242
71 131
24 290
96 205
50 82
149 285
57 268
108 109
89 171
122 274
228 279
154 203
28 292
55 214
87 101
131 286
235 284
216 294
29 83
48 124
80 172
65 148
16 78
11 32
31 41
173 183
49 272
49 196
186 289
20 101
56 219
82 153
26 137
89 99
71 241
98 274
7 190
135 182
25 268
104 248
87 123
144 238
73 206
156 216
171 199
43 216
156 274
30 218
55 93
43 203
78 146
228 295
145 291
34 93
111 128
73 123
178 223
204 278
81 167
7 142
72 197
194 279
219 273
60 220
87 204
62 283
37 193
8 116
127 268
147 190
225 292
63 238
6 129
184 275
141 248
25 153
194 233
92 160
67 172
196 249
108 202
1 7
85 214
41 127
96 134
11 285
103 124
24 240
105 255
119 153
27 49
18 167
44 224
19 251
20 258
47 199
102 238
152 154
72 121
221 229
78 241
235 287
138 293
120 198
143 195
142 217
188 237
139 283
50 261
23 258
65 152
223 226
218 247
214 267
237 262
41 274
37 291
17 284
147 226
46 147
145 227
39 147
289 295
264 277
58 71
229 289
49 96
94 258
147 199
30 219
31 190
12 263
6 163
153 239
154 276
178 269
21 261
111 237
76 263
118 151
62 289
72 208
5 115
17 224
136 287
82 202
33 191
85 244
146 219
47 151
7 30
10 36
72 106
16 209
77 297
195 204
35 128
141 225
38 232
23 155
123 160
163 290
12 203
85 119
19 159
111 156
104 177
46 192
73 120
64 296
105 114
65 81
17 93
109 155
133 179
53 187
234 262
3 137
27 129
160 229
17 247
3 71
63 170
279 293
5 209
12 231
180 255
19 85
56 259
224 287
117 166
106 219
28 109
3 141
39 292
5 86
14 254
277 288
55 242
3 228
45 96
9 111
21 169
81 205
113 255
77 298
198 257
147 254
249 290
104 283
80 156
183 282
182 224
29 160
174 177
167 201
50 207
216 224
34 222
37 143
170 297
49 98
10 17
135 249
49 242
154 160
255 282
184 193
55 80
169 278
36 220
160 237
234 281
172 176
252 284
18 76
218 264
116 170
22 113
67 118
109 202
73 93
98 193
119 210
36 141
59 275
11 245
70 215
174 203
42 189
12 123
19 69
114 299
25 197
201 220
76 93
212 251
47 215
167 268
34 294
55 179
90 106
101 120
171 224
70 148
215 222
46 78
143 200
183 284
17 214
18 25
156 234
52 279
77 208
116 277
266 300
48 243
106 212
149 204
28 203
103 245
228 233
30 253
34 220
97 248
11 168
183 253
96 148
240 284
152 198
109 249
174 256
40 119
191 291
28 265
60 269
22 89
62 294
82 92
15 92
237 265
168 189
51 243
201 204
34 246
121 259
118 183
23 252
7 137
43 149
121 244
69 103
5 31
44 261
32 264
164 290
17 99
71 151
43 105
75 147
219 270
268 298
100 163
139 181
250 280
149 216
55 246
52 288
11 111
93 157
168 248
207 214
67 269
128 251
13 199
24 187
207 281
175 176
120 251
38 61
120 298
234 289
85 236
152 185
248 269
131 194
113 141
40 282
139 209
2 294
151 283
21 226
227 300
113 129
181 250
207 245
159 268
17 103
109 122
137 286
112 236
45 121
63 113
174 250
94 255
69 142
194 300
70 75
89 140
78 82
90 163
58 190
59 274
61 189
20 220
57 193
84 200
253 276
57 136
97 104
31 51
62 101
32 270
6 231
61 78
108 233
5 282
79 215
163 289
148 248
154 205
101 189
205 221
228 272
117 284
224 298
41 253
239 297
53 97
145 281
197 282
204 282
5 155
200 251
168 285
103 166
132 223
36 78
37 83
61 266
276 290
24 225
35 250
112 178
21 67
23 145
85 141
123 139
107 300
28 182
76 110
12 13
18 251
46 154
31 82
10 205
111 281
86 249
83 172
136 166
194 238
42 250
42 82
45 211
95 161
152 224
41 48
209 253
90 133
108 152
16 210
233 250
191 235
168 253
6 103
107 221
135 257
18 51
102 290
104 144
198 227
124 212
171 278
111 208
19 108
151 160
63 134
257 298
160 281
224 250
100 283
27 128
91 158
23 122
202 225
130 133
182 247
100 147
228 256
195 292
69 299
153 229
23 94
212 300
9 181
120 135
47 113
4 224
70 219
27 104
35 280
61 84
190 191
87 187
21 296
116 254
113 144
3 66
200 292
6 148
193 235
28 68
143 199
105 168
109 245
198 204
7 132
101 196
87 298
163 272
85 257
44 140
79 132
126 245
57 259
26 237
79 219
108 116
1 112
128 204
119 143
139 237
278 284
110 178
50 274
217 260
230 246
149 242
27 112
64 260
76 87
115 207
35 119
41 104
7 123
146 300
94 223
110 227
17 45
1 206
4 25
102 204
118 203
8 280
87 132
75 263
32 130
58 165
145 263
103 132
86 220
4 183
48 174
184 235
106 244
183 280
110 187
86 147
19 299
6 99
222 226
248 251
3 233
95 249
26 243
83 162
165 277
102 160
11 104
21 59
81 158
26 171
82 118
19 207
48 90
171 226
221 266
16 185
23 63
123 167
39 293
177 249
115 299
35 229
151 207
73 184
13 151
32 139
95 265
220 240
226 254
246 281
52 283
207 260
242 290
128 146
172 186
172 294
11 241
228 293
58 237
254 255
26 105
140 195
8 55
66 293
214 224
24 123
92 206
247 258
75 224
13 90
56 172
88 137
133 195
48 183
1 209
2 144
96 187
40 228
200 222
76 251
47 101
122 254
24 83
11 275
43 242
37 69
37 177
7 155
96 200
89 281
197 227
9 64
115 232
35 270
119 156
7 295
208 242
176 250
38 55
34 57
100 156
69 167
44 184
101 231
13 93
42 227
134 255
108 207
110 164
43 224
22 62
96 229
148 177
31 115
233 278
26 83
3 272
12 188
187 211
200 209
119 155
108 140
98 169
83 117
27 236
31 44
72 198
221 249
30 287
244 262
76 114
161 196
34 168
35 220
127 142
3 75
83 96
75 100
184 210
11 160
49 157
42 165
254 274
121 152
35 205
127 277
64 210
42 241
76 280
245 253
31 159
155 161
65 206
79 97
86 236
196 226
86 112
48 179
100 292
141 280
137 285
47 272
245 266
87 212
137 219
71 215
45 83
173 214
10 180
150 171
35 90
190 288
90 115
46 249
46 166
51 257
16 245
34 119
37 173
118 250
53 167
133 234
215 274
164 201
213 229
187 221
132 242
11 145
48 58
65 277
92 149
154 300
96 130
256 298
83 130
174 254
107 167
38 201
3 179
148 232
46 246
240 300
44 102
145 294
39 231
247 297
92 285
73 192
28 86
283 290
52 236
70 253
181 232
71 165
232 268
153 286
104 175
13 182
149 209
4 126
40 204
50 155
163 287
58 289
23 206
121 252
2 261
69 82
28 139
25 84
184 253
130 287
163 218
86 272
133 286
168 263
159 300
46 176
62 98
11 61
183 220
219 239
46 227
49 75
9 250
16 295
78 183
150 299
44 154
60 249
135 248
102 126
212 255
63 181
97 255
94 194
186 222
34 81
89 151
66 171
102 224
31 154
218 244
87 114
97 276
203 263
134 165
13 14
222 245
23 261
6 220
54 73
62 187
92 109
67 138
234 291
90 215
1 237
19 260
43 153
20 222
187 219
129 298
91 163
180 208
9 207
33 135
55 295
186 203
204 274
85 271
6 126
218 270
183 206
108 119
28 44
43 127
107 159
169 269
131 248
127 265
134 158
17 167
75 164
35 204
96 151
242 282
60 207
79 226
8 153
21 118
99 232
23 244
174 201
73 146
16 129
114 153
61 96
87 217
103 127
26 183
165 204
50 288
180 291
99 127
96 228
71 263
121 194
158 191
133 217
78 281
62 104
131 300
80 236
43 256
34 230
10 291
2 15
179 265
81 278
127 219
1 217
66 269
44 80
202 232
31 180
43 223
274 298
104 183
137 203
49 90
98 252
126 263
114 235
35 61
126 149
45 203
1 171
137 193
246 299
76 175
36 72
18 70
286 294
35 151
111 299
2 54
10 212
87 126
177 183
114 137
62 178
86 238
88 205
38 63
103 208
82 145
101 237
61 144
6 260
53 87
26 114
26 88
136 208
27 102
14 268
64 169
113 222
149 236
130 220
12 272
85 201
98 243
94 275
253 279
65 67
3 281
5 62
205 249
4 226
130 234
168 206
136 268
37 175
119 138
185 267
82 136
30 177
10 184
151 161
244 267
68 206
191 231
30 293
117 164
90 248
43 69
92 253
259 264
216 218
68 254
79 82
115 124
62 161
9 19
12 92
111 283
151 292
39 60
42 198
151 172
239 265
75 296
76 173
61 159
170 300
47 205
70 275
67 188
176 251
73 235
46 107
101 250
14 258
34 264
38 181
10 152
63 100
253 281
1 102
271 287
59 259
41 52
16 281
91 256
117 178
205 246
33 101
7 286
54 126
27 87
62 170
106 196
94 147
48 234
9 251
51 98
199 276
159 266
115 116
29 278
149 252
57 216
58 109
70 124
247 254
154 253
39 290
153 234
167 170
40 199
9 295
217 229
14 19
206 257
34 184
33 284
25 128
42 59
89 256
231 283
176 266
142 195
76 86
236 266
154 236
102 155
153 204
148 256
52 68
90 294
224 291
51 146
118 129
161 288
25 203
100 158
127 194
53 214
11 79
240 289
4 213
171 180
61 288
86 248
187 240
84 92
58 276
14 21
167 280
201 246
111 143
125 290
46 144
102 246
102 257
25 273
273 296
79 162
153 274
135 204
28 33
139 157
33 274
10 294
219 268
53 91
141 254
17 57
183 251
78 295
59 262
139 146
139 215
151 298
212 289
145 293
64 271
44 222
59 95
187 265
106 175
23 71
26 45
97 191
139 300
117 247
31 112
25 209
133 196
31 215
250 288
42 210
76 88
186 257
262 295
246 272
179 205
80 180
26 129
111 206
19 258
6 77
24 224
241 271
73 223
21 138
38 296
245 278
83 125
45 53
146 297
150 272
141 223
34 54
28 256
21 201
96 257
155 233
148 253
62 103
138 204
160 289
241 266
123 218
142 151
90 236
81 199
11 220
22 256
127 163
53 153
73 177
44 182
170 180
239 268
84 181
196 230
18 45
227 283
280 291
110 160
78 164
30 34
217 265
182 284
79 223
149 243
139 154
29 240
187 290
237 268
92 148
25 79
36 174
84 254
177 290
5 138
50 249
27 191
148 297
103 160
156 282
56 89
20 178
65 114
26 92
36 54
10 20
117 236
182 259
46 74
35 225
21 135
145 197
26 274
219 236
164 228
14 227
139 194
196 233
91 219
65 118
114 264
229 249
45 132
61 85
13 205
84 187
16 43
107 149
43 230
75 156
160 165
150 267
123 187
49 276
104 159
59 234
114 216
17 173
16 243
143 247
221 282
105 120
133 160
4 180
118 188
169 225
158 264
62 80
143 218
179 197
94 227
130 249
177 283
82 253
59 165
230 245
77 280
59 80
180 239
85 121
103 131
193 290
159 221
79 218
57 275
77 272
60 203
51 290
36 159
35 48
39 117
218 261
91 283
104 273
103 115
160 230
164 249
133 260
89 123
57 289
64 207
6 211
115 137
169 199
68 159
93 285
139 211
25 191
112 170
204 207
27 169
155 273
109 119
48 121
65 261
125 247
100 290
61 142
86 114
108 212
116 215
138 208
49 173
148 220
163 286
65 150
28 151
48 233
237 287
103 221
109 291
50 60
38 101
35 217
191 257
128 293
43 248
44 69
223 298
79 146
106 130
208 294
64 265
14 70
66 276
9 156
8 135
114 269
36 42
134 279
162 262
10 289
45 58
132 157
48 272
36 207
49 115
187 279
137 183
89 257
91 271
182 268
172 268
210 281
99 111
180 199
36 144
10 181
147 183
25 26
225 278
123 235
30 279
100 236
119 288
148 206
107 243
49 84
286 289
179 191
184 208
8 125
19 178
215 254
52 134
129 256
44 216
113 172
195 207
24 287
62 262
84 191
229 292
4 54
24 108
158 279
152 278
19 137
219 281
69 143
16 235
97 300
191 192
2 10
34 147
33 226
96 194
91 172
127 229
200 275
229 290
111 135
170 219
18 165
163 185
17 74
4 74
4 207
1 19
45 50
2 17
293 294
75 261
88 141
171 287
51 269
34 275
26 67
86 270
217 245
68 75
77 145
44 228
105 142
57 267
19 34
190 198
118 119
51 295
248 278
42 89
293 297
270 279
63 123
174 231
21 281
37 203
88 277
187 291
68 268
114 296
25 50
30 222
241 244
34 164
43 55
37 263
186 247
34 63
120 279
67 167
23 191
19 140
179 298
169 206
106 291
84 250
73 99
235 295
19 162
195 208
143 268
105 132
114 126
2 175
105 112
37 60
144 216
11 263
239 287
33 92
136 185
95 100
143 183
66 123
9 26
74 141
77 160
141 273
22 236
42 83
167 290
143 265
211 216
30 138
17 278
210 244
140 300
165 299
189 209
138 152
9 33
180 273
21 284
105 115
155 221
198 271
138 298
227 286
116 226
20 94
154 297
103 199
195 228
50 181
145 214
19 174
187 261
80 198
73 200
91 226
17 244
293 300
173 275
98 144
119 152
16 98
73 80
8 118
18 87
221 232
84 273
276 296
63 169
52 79
180 249
249 280
257 295
110 135
44 141
19 50
97 220
236 264
259 299
94 296
165 236
229 241
73 224
24 78
148 159
103 117
27 257
71 217
190 299
17 204
63 108
131 288
22 115
117 155
232 259
85 197
73 161
53 79
17 299
40 134
137 185
12 279
232 285
145 235
105 295
12 134
51 268
44 60
47 119
208 210
197 287
150 217
161 189
143 204
54 69
83 177
209 247
45 244
71 157
188 260
161 187
134 153
204 255
16 35
42 180
62 230
165 221
81 181
92 205
29 224
188 277
30 87
164 291
73 269
115 159
99 189
198 276
203 258
103 268
95 166
61 192
56 275
16 250
43 53
164 216
189 236
122 217
11 30
213 253
46 87
41 187
41 157
36 231
30 35
178 284
59 226
25 187
41 84
88 149
143 168
251 254
248 286
204 258
64 256
211 274
119 142
88 110
2 88
133 292
78 299
7 49
126 198
187 252
174 219
55 200
178 213
201 258
87 105
50 132
173 255
168 287
157 279
77 122
16 223
121 181
18 93
170 212
83 85
33 119
85 146
40 266
109 200
70 234
230 267
42 208
103 250
37 74
86 237
211 257
146 183
58 188
192 294
242 285
93 262
74 190
30 92
206 285
56 265
151 225
113 182
75 286
75 113
62 67
120 231
174 258
54 145
232 271
271 274
81 276
2 78
64 217
57 157
161 293
4 85
135 269
136 178
23 26
182 219
100 170
71 275
122 130
53 129
172 298
62 139
89 253
42 84
183 202
17 77
147 173
260 265
156 284
3 43
32 261
157 187
37 73
37 168
131 292
71 145
17 105
187 293
101 116
143 287
86 213
113 180
149 229
11 300
125 276
116 189
68 253
100 251
72 281
45 181
157 264
83 209
98 275
41 239
54 280
241 292
115 260
46 57
85 212
101 293
104 148
235 247
152 183
86 215
23 234
5 239
21 260
110 264
22 246
118 147
57 74
239 260
16 218
56 178
6 300
38 293
74 132
74 286
88 244
92 167
183 291
171 272
9 244
173 274
11 207
160 221
57 278
26 259
13 92
102 178
236 298
81 283
205 247
20 35
20 263
6 151
144 294
74 84
122 246
107 251
24 215
48 217
158 277
15 255
38 50
69 273
7 63
16 207
167 282
47 50
5 187
246 273
78 128
288 293
132 210
159 274
14 186
184 236
33 165
198 278
98 255
50 62
2 42
166 245
26 41
99 233
118 133
53 249
142 203
156 160
116 157
118 216
42 215
46 135
134 176
219 291
177 247
89 272
65 172
72 162
53 94
36 157
179 196
31 228
198 280
196 290
93 273
10 165
152 213
192 275
66 150
141 277
145 271
29 79
24 185
41 49
181 281
160 245
34 231
25 107
75 117
86 146
18 84
76 182
269 270
65 226
44 164
116 169
149 214
102 103
55 72
126 299
13 286
43 61
150 225
27 57
74 238
112 288
111 244
238 261
43 174
141 177
115 195
54 182
54 142
2 107
123 299
160 293
20 205
166 208
120 163
197 220
13 290
60 97
49 207
137 263
121 174
5 22
202 261
216 221
69 189
60 264
42 61
80 139
38 100
138 271
17 257
276 282
22 70
254 263
19 57
34 172
143 232
37 156
86 252
94 228
36 126
106 112
83 198
90 289
156 270
23 127
4 22
197 261
83 103
157 221
122 149
35 92
100 153
84 143
71 218
255 283
113 225
178 232
59 71
83 196
120 181
56 122
71 113
214 260
18 160
30 238
79 155
140 194
93 266
197 243
78 184
43 132
68 256
48 209
149 221
206 240
108 279
191 213
133 275
97 167
36 107
27 123
117 281
106 147
94 250
145 187
70 278
52 238
161 198
67 127
205 226
151 274
24 91
142 274
239 288
132 201
75 109
97 164
10 120
61 179
26 138
14 94
13 299
12 171
122 204
181 213
197 207
159 243
51 191
92 201
241 274
100 174
37 40
84 281
189 257
236 286
12 112
237 300
127 187
175 283
107 261
260 294
26 232
194 227
3 69
3 47
11 266
13 195
61 89
63 212
158 231
198 209
122 244
24 25
178 292
214 248
77 192
178 299
48 212
85 266
156 222
63 259
42 262
266 285
82 269
161 206
61 135
168 199
114 206
54 275
75 216
149 197
35 126
6 187
42 231
52 72
60 116
2 275
97 100
187 193
1 134
109 222
166 222
118 252
68 102
168 282
26 264
100 148
59 208
47 91
44 131
219 226
60 115
96 166
178 287
89 210
122 207
34 35
36 268
32 233
87 163
31 274
66 160
119 242
4 179
81 183
59 90
260 274
29 65
121 297
40 177
96 300
61 277
53 222
30 54
88 148
36 45
71 189
3 28
62 79
224 284
147 208
156 218
61 275
197 200
70 280
35 74
72 150
142 171
280 293
44 116
172 218
67 181
13 85
123 280
59 151
164 285
37 268
6 79
155 198
87 152
26 165
168 278
164 169
4 204
217 269
196 216
64 234
85 295
158 300
30 237
67 101
1 40
108 287
44 109
72 282
46 279
5 129
72 165
272 280
183 289
79 120
260 291
159 278
22 177
98 131
190 226
58 282
97 254
89 262
85 89
167 267
172 212
16 65
48 274
265 290
245 262
70 236
70 288
18 112
120 267
119 216
206 269
132 293
17 181
19 245
112 262
3 93
191 230
2 207
2 227
16 159
16 241
188 283
53 132
2 187
46 100
147 278
196 259
252 272
33 151
175 185
120 148
77 300
149 192
169 222
243 260
73 199
27 297
33 95
76 218
31 117
44 194
49 223
159 211
92 219
89 155
277 291
35 168
71 164
174 245
239 256
80 145
1 208
3 36
248 291
1 60
208 293
161 266
45 264
116 260
104 272
283 299
145 279
32 244
175 258
225 299
185 292
55 68
129 260
26 261
105 226
134 210
84 214
46 125
89 291
27 175
127 136
118 175
42 105
151 195
270 277
58 163
121 204
57 249
186 256
77 163
82 251
154 219
64 163
117 218
89 144
70 105
253 282
152 181
176 284
175 278
155 275
83 149
135 194
144 145
222 277
16 165
105 183
65 107
59 62
77 259
123 164
63 166
97 292
7 179
109 278
74 87
276 295
187 275
56 164
77 204
86 274
70 168
105 162
9 129
41 262
44 172
174 183
102 114
234 266
102 208
70 134
99 141
111 165
39 177
40 209
46 153
108 299
135 218
45 52
30 159
142 259
67 89
160 284
259 263
86 93
76 300
109 116
159 217
23 169
121 160
32 184
18 77
117 246
33 209
161 242
178 264
1 12
145 295
81 265
228 247
10 91
85 143
30 204
68 134
118 122
160 258
125 199
156 292
150 238
142 154
2 248
3 277
87 177
134 168
229 284
52 174
223 293
1 34
84 116
6 25
197 257
90 128
183 272
106 277
73 183
208 221
52 245
93 209
35 39
73 298
70 258
253 298
197 199
152 211
1 32
76 255
52 228
79 229
227 258
35 66
183 244
125 131
29 130
28 231
129 182
128 258
93 275
183 205
51 220
115 226
159 201
25 276
3 274
5 169
74 81
148 285
4 152
14 135
252 256
59 161
130 201
75 107
170 272
168 221
141 184
39 169
67 300
74 107
74 86
55 119
112 251
27 56
224 269
114 180
126 269
133 161
126 242
120 229
1 197
254 282
47 116
27 76
121 159
1 290
19 181
228 281
68 167
253 263
91 245
81 258
270 280
26 75
7 54
43 115
152 177
99 190
87 134
52 191
16 121
121 231
154 235
86 139
13 23
24 293
10 207
162 185
98 145
32 51
154 239
30 234
57 153
231 268
23 278
20 240
118 267
56 283
20 144
107 193
168 236
201 238
65 300
214 221
82 241
15 44
83 166
50 236
27 262
101 206
14 169
51 189
173 217
63 155
27 219
104 123
146 156
63 288
209 232
23 80
239 298
60 65
239 270
114 226
75 287
95 296
237 293
164 222
136 223
88 100
9 108
84 91
222 284
55 220
193 300
224 233
177 220
97 223
29 68
235 268
48 239
125 294
98 299
74 153
39 145
115 286
88 132
188 197
80 137
7 88
70 158
53 67
71 207
88 241
103 259
27 40
5 120
133 242
20 199
131 236
224 246
212 271
59 127
207 231
175 291
139 149
115 133
105 153
206 208
92 138
96 173
173 177
75 99
35 187
74 269
96 199
60 244
240 296
96 133
20 231
20 30
98 247
80 218
163 281
104 246
259 298
2 81
3 90
59 60
149 208
52 56
2 279
162 175
34 203
149 284
226 291
48 49
273 279
13 214
128 299
44 76
19 160
274 287
189 260
35 182
199 234
1 159
181 226
282 287
60 250
57 222
48 176
168 280
77 168
145 278
200 201
8 15
62 205
246 260
193 231
110 181
12 219
11 211
18 186
113 227
132 173
214 233
63 114
29 163
27 197
104 243
41 113
165 284
196 200
99 253
157 176
38 140
206 218
28 237
24 190
85 224
32 56
129 195
232 277
93 145
132 166
23 211
223 272
142 147
180 241
66 70
83 193
40 95
144 273
112 118
39 209
117 257
83 99
102 274
37 236
128 135
20 43
63 110
55 287
68 263
14 41
102 234
56 183
17 63
106 150
148 182
198 199
51 71
61 284
45 64
21 50
29 108
8 84
28 80
107 250
111 182
77 206
199 261
20 61
191 300
122 220
40 157
140 186
193 243
95 160
186 248
49 55
165 222
178 252
36 189
24 244
140 226
36 105
132 137
12 58
243 276
96 202
43 64
19 264
170 201
9 208
49 181
5 228
153 289
38 65
161 221
139 162
53 173
106 167
237 246
199 231
220 247
15 195
35 80
28 110
48 56
74 135
56 108
129 264
209 275
165 296
195 243
149 281
62 135
94 181
138 231
177 256
17 53
88 189
87 108
276 285
78 192
41 107
38 162
195 263
5 241
127 133
77 150
109 244
89 190
46 56
42 213
30 163
59 190
152 163
34 251
200 219
68 129
40 55
83 163
16 229
140 192
39 125
80 114
7 37
40 80
35 219
41 111
160 274
80 82
41 246
102 134
186 259
174 264
83 258
175 237
76 213
146 212
62 208
18 47
161 182
169 270
7 36
164 279
56 206
45 165
54 58
92 187
55 153
110 163
43 277
177 236
33 260
155 229
63 73
52 197
100 175
260 275
121 131
177 184
19 120
42 168
57 245
211 299
105 117
123 144
64 134
4 216
245 283
80 254
71 112
38 137
142 190
142 238
77 203
102 220
214 276
71 208
146 273
55 74
83 228
5 64
33 251
95 115
176 278
125 148
244 257
153 256
64 74
8 203
122 296
74 91
178 202
96 107
103 224
98 109
118 181
169 273
12 262
58 67
82 257
29 89
32 39
64 162
12 102
100 242
119 172
82 192
50 58
166 274
184 268
121 175
74 102
29 264
45 243
101 180
95 288
44 45
38 300
25 110
194 222
198 253
87 100
2 136
22 284
7 183
185 197
262 290
58 121
47 145
153 184
195 214
91 185
181 257
234 245
41 118
30 256
233 284
60 154
139 164
184 272
115 297
96 280
131 202
5 248
84 182
184 240
47 143
187 264
51 97
229 233
171 173
16 234
110 288
32 174
243 273
75 133
4 205
190 235
164 263
136 207
92 229
171 214
104 252
226 273
186 241
254 296
6 141
12 187
23 299
245 255
154 186
265 298
117 259
48 126
165 255
72 217
157 252
181 286
61 294
236 253
55 223
6 176
7 39
248 279
183 209
69 116
181 284
74 245
31 266
125 193
144 188
31 100
242 268
24 231
119 218
214 257
51 150
146 234
7 91
101 140
104 130
101 252
24 118
67 265
12 39
147 275
138 268
119 215
44 169
61 140
74 292
33 170
133 279
84 115
51 84
48 201
32 96
102 120
39 294
58 273
146 169
166 271
225 285
74 111
94 130
141 236
16 249
74 251
73 257
127 183
42 296
175 288
61 106
55 131
168 235
19 237
48 294
18 125
93 171
23 240
34 170
64 288
225 291
118 280
15 46
52 114
72 173
67 263
26 249
73 136
116 289
42 233
10 55
165 183
68 138
105 254
147 297
270 282
38 251
81 136
142 188
22 203
274 294
40 58
145 225
161 199
198 299
161 236
166 236
40 165
201 256
270 275
105 210
81 98
1 234
37 183
46 276
110 152
188 246
80 158
53 139
1 278
7 248
140 263
124 268
9 124
189 216
80 116
98 176
36 216
201 287
113 138
42 152
149 232
141 259
143 277
40 245
181 185
223 240
285 287
99 159
120 299
255 259
129 270
200 225
214 259
38 221
144 282
254 260
19 21
84 159
45 187
156 173
213 236
71 239
38 177
2 178
14 294
7 266
115 272
36 87
155 213
30 78
16 58
12 105
114 233
34 60
55 129
205 261
54 277
67 249
124 126
47 66
50 66
51 91
180 258
175 264
123 283
129 262
100 193
53 92
22 255
70 282
105 144
225 271
181 196
47 51
68 222
84 175
167 249
136 184
130 217
175 295
136 239
9 180
151 278
17 123
66 226
192 193
162 297
46 111
95 245
36 89
198 213
47 115
179 255
6 172
119 147
190 203
41 236
141 251
32 238
27 183
62 251
243 267
109 126
43 194
43 175
138 190
41 192
66 106
43 241
34 179
249 252
20 36
83 246
151 258
3 57
87 198
176 202
145 253
17 188
130 237
37 44
71 213
53 221
76 92
120 233
72 222
40 230
8 131
63 71
43 120
70 106
191 277
97 209
126 252
29 62
67 115
212 230
17 191
33 221
232 284
55 215
175 181
143 192
114 248
13 98
263 264
92 143
111 296
37 227
76 252
216 278
42 92
211 264
199 244
12 210
29 293
245 252
27 185
161 190
45 112
111 148
59 145
55 160
28 126
45 221
20 96
9 255
34 228
54 170
135 217
8 154
163 256
258 296
162 204
55 155
242 256
162 205
129 139
36 52
6 268
57 81
81 164
169 191
177 232
167 219
166 268
1 235
58 209
42 175
69 247
29 34
44 188
118 249
181 220
35 268
44 82
106 158
158 197
132 191
25 124
227 241
171 213
12 284
49 54
138 288
49 122
36 124
61 292
27 276
194 264
217 300
68 139
40 188
112 269
150 297
55 100
202 263
9 220
186 280
35 84
99 186
100 262
181 193
138 272
89 290
178 183
99 256
70 248
132 274
170 238
72 193
163 212
98 210
112 220
38 48
41 207
167 179
2 90
128 169
62 240
115 250
53 169
184 195
168 222
49 295
15 238
42 144
58 117
45 254
23 298
75 172
10 296
59 198
236 284
134 207
52 284
4 273
68 189
72 286
186 218
66 194
129 241
58 201
141 292
125 267
50 65
194 224
157 273
155 283
108 275
53 252
207 235
83 214
216 272
228 285
189 258
43 201
39 199
149 296
118 191
50 205
73 265
57 207
55 152
51 203
58 83
96 254
195 300
174 280
133 135
32 260
17 42
247 260
41 63
147 175
178 276
187 246
28 39
180 295
228 258
31 263
13 170
198 270
54 158
60 169
53 235
135 173
195 196
68 276
243 252
129 202
271 295
48 194
123 151
259 300
52 258
99 259
83 178
34 209
93 189
153 177
51 106
156 260
56 76
155 210
15 146
59 68
101 165
105 124
273 281
30 208
53 136
144 244
13 57
91 184
72 236
2 169
155 293
37 201
183 235
6 45
28 204
41 129
69 179
18 29
59 178
17 125
136 219
195 284
46 139
153 257
90 129
191 242
186 272
28 30
25 162
1 75
21 294
12 296
16 130
54 247
190 281
39 152
122 278
147 223
90 151
28 215
36 158
119 169
124 133
192 289
7 216
128 231
68 210
1 84
45 160
54 218
161 188
213 226
19 166
84 164
46 241
196 280
157 205
1 74
97 144
56 216
31 171
53 216
18 258
18 196
88 286
11 133
9 31
231 267
162 180
11 157
236 248
44 288
96 146
66 96
35 238
31 146
53 160
73 218
43 204
86 87
216 246
186 278
85 267
28 130
77 128
289 296
10 240
73 274
90 206
23 68
168 169
69 113
167 183
12 258
137 211
55 266
75 138
110 232
120 284
108 195
38 147
61 268
53 286
108 188
198 294
62 92
172 180
87 256
161 259
200 284
108 129
61 105
10 48
50 98
44 219
151 197
111 144
103 113
108 246
95 225
4 19
24 161
7 153
131 205
49 185
125 300
45 113
162 254
43 114
41 270
125 255
174 294
224 279
113 139
50 189
38 216
96 178
264 276
84 103
33 84
19 201
15 262
269 286
73 254
194 292
135 244
185 215
154 292
119 252
109 171
137 230
97 212
166 240
73 137
160 197
22 134
57 94
22 271
172 288
142 189
14 300
38 53
133 182
70 265
2 240
7 116
30 266
130 213
95 292
135 297
165 167
19 59
103 262
266 299
26 51
189 263
89 199
240 293
124 224
165 275
129 198
39 83
119 195
102 176
52 165
75 262
66 267
118 156
60 157
166 235
131 221
139 171
211 266
197 277
27 234
1 13
58 159
203 265
63 163
28 187
176 195
20 230
219 292
116 233
168 184
60 113
147 263
71 298
60 183
116 125
228 277
9 70
43 163
116 181
15 252
12 153
43 209
181 190
205 245
204 290
160 238
142 215
81 159
100 102
56 74
96 264
55 174
50 286
181 291
7 252
174 290
63 187
244 297
122 144
68 258
110 228
47 120
53 99
45 65
60 184
76 195
180 217
194 250
126 258
40 161
74 108
84 260
140 231
64 121
42 118
28 183
17 79
220 228
70 241
40 139
10 214
102 296
137 283
2 171
46 281
121 125
128 230
97 267
32 247
214 293
173 261
2 298
111 147
192 264
6 212
6 20
116 273
11 242
154 157
15 211
27 226
73 214
210 219
38 278
57 146
9 132
143 209
2 119
147 150
115 190
77 142
5 136
28 239
130 187
101 162
39 64
47 230
3 25
99 237
235 242
74 121
162 171
186 211
55 95
5 114
67 146
16 300
238 276
70 174
90 108
131 240
207 271
38 234
166 231
80 154
130 261
93 217
4 66
142 221
1 212
23 217
3 279
60 181
107 209
176 245
37 285
253 267
141 300
15 38
51 283
123 206
18 100
57 168
39 249
31 71
276 291
45 197
6 159
37 270
59 230
207 227
216 228
33 147
161 203
253 273
43 252
150 208
186 251
180 186
107 224
121 253
134 151
116 123
97 277
101 238
48 260
78 202
121 268
51 190
9 59
4 29
161 234
36 128
65 75
153 240
54 236
72 192
149 260
116 222
104 230
134 222
110 200
228 251
128 203
106 164
51 274
34 187
116 234
76 120
76 275
13 94
3 48
99 279
262 294
31 89
36 96
255 278
17 287
138 282
52 168
83 86
101 118
16 103
95 281
11 214
18 300
117 225
85 104
134 141
6 111
21 73
93 233
112 173
34 219
23 185
75 127
76 158
237 281
137 218
69 108
81 296
179 290
43 82
74 290
105 137
29 248
112 180
52 84
182 197
183 275
31 239
24 73
242 276
58 115
121 201
30 295
39 273
35 247
22 105
219 262
19 68
85 189
63 144
39 243
127 230
193 246
117 154
158 221
14 108
59 104
152 175
166 241
203 213
179 184
112 125
4 153
178 224
13 283
1 214
19 81
98 225
64 119
141 284
26 169
40 46
72 218
11 289
124 286
123 133
49 100
185 190
244 272
24 45
44 66
62 285
14 207
2 85
161 175
7 288
181 238
90 220
62 266
73 226
84 185
46 244
90 258
123 147
6 207
15 95
93 148
104 149
8 156
47 235
13 76
115 123
229 268
259 274
137 238
125 243
59 264
236 292
268 273
67 110
147 196
46 210
60 292
251 269
8 253
46 103
206 266
64 138
170 280
132 158
157 263
249 251
111 261
64 76
69 246
73 115
18 273
74 201
100 190
7 259
1 267
10 283
221 278
11 180
2 153
116 205
28 286
72 178
132 198
105 206
138 264
65 116
58 79
36 150
287 292
114 138
18 203
48 162
13 174
79 207
57 115
13 112
112 215
56 91
188 208
46 260
111 251
181 204
5 46
138 169
57 221
9 91
50 63
187 220
105 248
45 146
3 104
102 268
242 281
172 280
141 180
152 272
18 94
37 247
100 142
218 260
108 264
256 279
196 297
84 113
101 290
237 267
48 150
90 156
18 36
130 246
197 288
100 291
178 282
20 262
59 213
42 145
164 214
182 209
223 297
24 189
162 212
55 159
27 281
189 195
139 262
6 222
168 283
37 94
53 207
163 177
23 230
184 295
19 164
65 168
27 70
27 300
228 255
1 211
33 189
100 180
114 124
185 210
216 234
5 276
85 285
102 292
80 83
213 285
87 130
250 283
110 141
75 190
14 222
9 23
37 161
49 91
13 138
110 246
7 287
76 148
75 145
125 132
26 91
73 275
34 90
28 144
22 278
157 296
226 279
3 97
168 185
97 108
145 182
257 275
4 299
213 228
41 271
179 228
124 234
99 181
232 297
171 246
130 276
137 188
37 136
79 191
6 81
268 289
33 214
42 286
35 65
233 257
2 166
18 91
219 228
107 171
63 130
21 176
48 188
57 185
147 293
2 141
15 294
37 232
182 188
245 287
187 284
26 253
197 291
196 285
56 149
37 255
252 276
233 272
210 257
208 250
28 222
32 114
28 43
45 80
114 135
149 298
132 226
95 246
75 119
173 210
44 107
19 282
26 186
106 299
24 107
24 122
261 273
76 289
150 268
64 175
13 275
95 257
74 96
39 257
10 121
11 257
229 293
197 233
24 136
65 117
118 268
66 176
237 252
214 294
124 293
12 40
145 262
71 299
204 212
214 235
57 241
8 242
117 138
80 155
73 271
54 175
20 115
32 171
123 300
73 213
166 261
198 242
119 295
13 263
137 253
6 123
116 238
34 223
138 262
4 144
112 177
90 281
34 84
52 239
5 288
53 181
208 269
20 244
94 251
199 283
198 220
33 222
46 146
257 261
72 140
185 218
57 293
45 277
34 254
30 278
156 264
53 146
214 256
85 215
8 63
172 265
5 251
146 283
252 285
75 88
49 171
50 202
54 239
185 211
70 110
75 300
256 292
55 183
241 294
30 227
138 193
159 199
178 267
14 275
82 189
24 222
149 190
29 45
31 284
59 295
72 125
108 266
95 252
49 104
91 215
67 119
173 248
31 275
50 71
18 189
5 259
3 159
244 253
128 156
73 251
4 246
98 258
44 262
205 225
109 178
207 283
245 284
71 226
106 168
22 168
178 266
179 202
3 271
98 239
98 269
147 282
132 220
11 39
233 273
166 243
90 237
11 80
29 55
107 272
29 210
133 174
17 98
141 148
226 287
106 254
49 92
194 216
13 274
37 186
6 100
5 252
29 116
64 192
69 119
224 256
75 247
179 219
42 221
20 247
93 265
34 215
108 186
145 195
22 201
182 285
183 230
39 191
91 179
148 233
125 231
3 290
109 143
7 22
52 260
21 186
41 149
115 270
197 280
147 281
118 265
92 281
123 183
64 83
65 266
90 190
71 158
107 145
48 218
28 179
25 155
167 233
41 164
211 246
197 289
106 257
138 184
57 199
49 103
168 268
226 294
1 114
120 216
85 114
117 233
137 144
114 175
185 265
126 246
131 264
26 234
110 199
93 298
8 137
15 180
93 133
199 216
68 132
21 116
99 155
19 92
104 223
2 121
133 284
118 288
63 94
77 118
36 210
52 250
160 171
31 96
72 210
141 165
221 293
51 112
58 167
28 88
19 150
111 123
244 268
157 278
143 150
80 284
20 219
100 182
123 178
1 243
120 178
135 193
272 299
173 200
55 118
112 240
44 94
43 207
103 296
24 170
153 254
10 86
38 40
49 285
125 281
112 134
202 292
206 300
21 98
56 123
224 258
28 84
147 256
101 285
99 169
70 81
11 67
85 247
52 257
53 161
12 222
195 217
4 135
148 255
155 288
104 117
104 158
46 292
34 72
85 120
105 238
49 188
33 53
82 230
72 272
17 122
26 126
51 255
10 74
184 202
50 296
48 77
62 143
34 240
89 177
18 161
1 117
174 275
29 274
117 224
123 244
102 140
106 180
78 150
102 217
143 271
24 248
76 157
177 235
163 273
86 267
181 182
54 233
28 185
71 289
129 130
50 72
95 103
5 72
125 153
25 223
157 203
188 219
71 175
116 240
75 265
123 286
19 53
137 200
51 53
232 272
52 157
71 201
16 39
17 267
83 262
126 188
130 179
13 292
89 124
187 299
71 93
212 222
130 164
57 169
151 156
157 195
28 266
2 41
20 125
16 66
128 215
8 36
229 232
217 267
141 149
31 58
262 263
36 296
44 274
206 272
4 244
67 246
21 149
63 280
73 134
194 287
57 106
85 260
179 208
38 246
13 15
127 286
95 198
23 198
61 141
84 283
113 115
164 250
57 184
2 93
181 201
94 121
162 268
45 92
224 271
60 103
152 294
156 259
36 241
18 178
16 176
272 297
49 296
204 230
41 77
40 83
118 257
126 244
64 223
246 291
31 172
159 174
234 298
263 269
179 185
87 169
38 60
113 200
36 227
82 272
238 270
178 211
82 276
76 232
184 242
19 41
101 262
211 278
20 183
47 154
36 188
35 46
141 174
92 293
208 254
4 123
99 213
107 254
44 285
21 100
57 225
19 270
2 251
175 289
185 212
146 170
59 73
178 189
1 104
145 210
43 273
86 214
90 201
153 295
164 253
74 246
29 298
60 162
11 171
5 40
43 89
5 93
10 157
152 292
137 178
86 221
120 273
185 245
130 159
230 259
70 245
25 34
191 250
232 236
192 229
93 131
26 217
157 191
8 75
177 289
162 189
16 88
205 252
65 295
22 159
25 143
59 157
93 190
76 77
208 281
93 167
124 280
40 231
35 236
107 283
235 290
106 283
185 255
155 156
43 143
124 156
107 296
114 218
96 139
6 27
36 173
133 293
66 137
83 167
45 84
170 196
68 169
190 253
25 135
137 173
230 235
26 269
10 64
122 286
96 224
44 260
35 228
52 278
16 290
104 290
14 52
18 143
109 217
130 149
65 90
103 123
104 192
34 300
73 108
29 233
156 232
161 274
74 105
70 270
230 250
67 191
25 218
166 173
269 282
16 25
167 293
199 257
82 262
68 69
75 141
74 193
101 297
93 175
31 61
113 126
108 260
117 118
82 197
87 219
12 299
54 179
52 212
157 246
261 289
16 57
139 176
146 279
157 224
173 257
65 129
117 180
56 187
110 267
106 230
192 256
243 251
11 190
139 169
141 210
26 207
236 275
38 243
68 282
81 162
82 190
109 114
101 102
87 185
76 228
137 290
1 20
29 151
95 179
93 230
19 89
69 101
266 270
124 160
14 84
102 271
124 173
71 246
172 283
153 211
30 61
199 224
212 237
76 256
98 203
10 108
22 147
35 193
213 274
106 286
111 136
85 128
88 180
8 91
113 124
272 298
170 187
78 166
108 289
23 163
252 297
137 241
109 266
88 210
296 298
186 291
101 141
35 59
257 282
26 85
214 231
106 135
109 161
50 128
40 174
99 112
87 166
258 275
158 232
65 236
13 236
113 286
278 299
143 267
11 43
83 129
62 114
143 282
228 242
107 163
11 62
147 171
140 269
245 274
74 124
19 240
74 224
138 189
101 174
37 296
139 148
184 276
30 203
18 48
169 235
134 155
182 202
82 263
150 161
66 240
6 132
170 252
41 190
195 230
267 276
12 145
48 256
20 160
113 118
55 154
37 54
119 266
14 251
98 200
8 279
136 177
127 279
208 298
123 155
53 85
12 125
194 280
10 169
207 243
20 236
244 263
76 154
44 152
238 275
59 218
87 279
47 94
17 89
41 249
268 292
68 275
124 183
91 291
206 280
233 274
134 263
247 267
202 249
192 202
28 177
23 118
162 274
170 255
29 132
39 189
37 226
38 131
48 133
53 209
13 89
147 189
61 93
43 261
244 258
152 290
215 285
28 149
120 234
143 253
187 196
194 253
95 164
119 243
129 216
89 172
189 201
72 184
40 235
85 156
13 273
84 216
81 142
124 289
183 238
122 197
107 264
59 252
148 292
1 161
194 293
6 285
89 98
212 224
5 103
90 198
85 181
127 271
61 112
53 248
91 121
265 279
228 253
100 141
187 206
12 213
139 269
218 282
159 283
10 128
161 226
4 241
69 127
107 123
138 269
262 296
97 124
227 269
86 199
39 59
96 193
46 282
248 261
259 266
133 222
273 295
131 186
57 125
166 281
142 159
219 288
42 101
178 298
248 295
209 270
95 282
117 196
5 184
17 32
77 107
15 187
116 168
189 191
203 296
35 183
106 123
104 235
199 220
41 154
108 224
28 70
88 237
136 285
269 292
80 93
120 257
9 292
55 135
36 131
20 177
154 273
138 238
31 48
96 233
54 164
4 262
72 99
113 279
92 283
90 92
189 202
109 165
109 208
55 249
116 242
162 252
98 261
89 129
12 200
43 266
159 169
54 97
14 281
35 68
154 226
210 235
41 122
236 279
96 247
35 300
63 195
20 294
141 206
13 265
85 265
169 238
212 232
61 98
17 291
138 236
150 222
99 282
4 232
88 150
197 262
89 231
101 185
224 277
48 200
191 284
24 226
111 157
97 155
193 289
119 185
54 161
35 212
62 93
113 223
230 288
83 244
32 192
105 241
16 92
263 274
74 268
4 222
132 168
24 101
216 259
201 206
46 119
171 238
61 132
95 264
85 205
122 133
44 139
23 277
111 223
43 282
21 165
117 156
31 121
50 278
21 269
30 286
26 246
146 191
189 231
150 288
3 220
146 298
63 231
67 226
179 187
158 268
201 230
39 121
201 261
89 131
40 281
21 71
104 276
25 55
218 231
148 185
34 283
60 159
54 276
73 196
40 125
8 74
268 279
23 246
120 300
22 52
188 205
57 101
98 177
208 283
11 279
129 243
39 255
80 237
245 288
7 214
258 294
184 264
55 270
199 253
10 171
231 264
131 296
77 194
229 286
110 118
98 118
66 128
140 291
182 199
27 246
2 152
36 122
41 217
38 42
92 159
166 183
77 173
234 257
248 297
148 151
240 256
112 218
31 276
36 170
20 241
238 279
147 178
88 273
15 121
150 231
39 69
28 232
137 170
3 289
31 93
45 62
230 266
25 291
30 274
175 187
8 65
47 182
40 150
126 190
209 272
280 297
32 262
75 198
239 292
49 192
251 278
135 236
201 224
218 284
97 147
103 147
123 166
74 198
159 273
69 181
172 297
29 146
83 293
135 285
120 202
174 287
157 261
126 160
101 204
228 291
71 222
84 128
26 280
68 212
88 183
123 136
10 245
49 232
72 175
70 120
77 199
44 202
26 37
136 229
56 203
34 238
149 297
225 256
2 160
6 50
53 130
19 49
240 277
53 134
65 160
33 45
172 224
33 66
7 115
47 150
24 267
153 230
19 247
125 180
170 190
135 184
70 226
40 101
113 207
170 288
2 222
176 258
42 85
105 237
90 242
107 281
177 292
42 76
10 90
165 173
39 51
58 265
140 178
30 141
4 42
217 250
71 149
24 212
121 163
94 204
234 282
8 165
111 170
132 218
7 209
73 104
59 187
19 170
68 269
36 204
129 207
208 257
133 294
118 120
9 135
12 103
275 294
47 208
142 295
6 226
62 142
271 280
182 238
35 145
76 235
39 182
134 166
150 209
211 249
66 298
49 132
5 113
103 130
173 196
56 166
117 133
16 149
131 176
20 187
42 71
101 194
33 229
71 293
120 129
71 102
126 206
21 128
113 174
27 161
17 277
188 192
133 237
22 197
152 261
22 207
167 294
85 131
13 237
56 81
32 242
63 148
76 90
33 187
255 281
190 244
67 68
28 122
173 178
163 165
61 99
117 227
5 79
39 217
21 136
205 290
135 143
22 90
219 275
82 166
39 272
154 234
9 79
228 269
201 250
69 224
13 109
45 135
70 249
59 152
12 290
8 268
114 158
188 266
178 181
285 300
165 295
13 289
28 169
87 213
39 86
68 144
143 216
143 203
88 268
19 98
117 200
206 233
6 238
1 296
9 209
153 222
215 295
23 275
23 60
183 277
239 295
20 181
43 192
108 250
76 79
39 252
5 229
114 278
30 300
142 276
165 288
292 297
76 221
23 105
78 79
21 286
74 168
11 71
241 250
62 105
165 203
17 152
77 116
92 272
249 278
95 285
15 214
113 229
77 180
72 275
30 59
51 181
9 152
154 231
67 141
58 100
144 209
96 252
113 166
94 191
218 276
102 198
140 153
176 186
78 86
192 252
108 120
105 300
3 148
200 298
21 159
106 296
144 179
59 123
133 282
11 193
92 202
4 77
70 137
129 257
72 201
110 242
156 291
54 105
102 104
252 259
66 282
238 250
60 275
196 232
56 272
85 263
50 283
130 207
206 247
37 215
57 79
117 175
163 199
134 238
57 84
106 111
193 262
110 263
112 181
198 255
59 135
95 149
263 291
155 216
141 240
21 277
108 251
40 50
121 232
20 158
166 207
69 225
230 270
50 131
169 240
55 141
234 268
65 235
78 113
60 201
161 300
145 247
104 116
174 236
184 191
56 134
62 144
127 276
104 205
53 108
67 162
185 235
3 112
115 180
256 285
63 294
198 214
185 232
166 193
41 70
53 154
94 116
275 286
78 290
90 218
75 149
81 87
155 182
119 145
77 136
35 43
51 204
19 152
123 232
59 134
66 239
179 198
58 69
175 189
102 272
21 63
202 278
205 263
90 139
66 172
197 225
23 88
50 119
140 147
12 38
99 184
11 204
125 196
90 278
43 97
30 75
45 240
144 299
49 69
87 179
105 213
2 205
54 194
111 171
48 155
74 172
157 276
150 156
183 194
66 157
171 196
30 94
112 228
249 259
87 111
67 176
223 295
21 255
27 215
159 265
104 167
22 223
199 295
221 264
81 218
113 262
80 96
82 111
78 235
6 282
45 103
156 242
16 63
82 97
74 255
18 135
68 281
117 273
147 191
85 279
30 165
24 40
158 202
28 38
236 271
41 156
8 237
71 136
50 78
198 244
134 300
162 231
42 173
11 252
38 289
20 157
89 213
152 189
35 72
31 174
64 126
191 233
187 214
170 286
187 255
186 298
223 291
154 243
213 289
191 283
45 88
5 185
60 144
143 255
108 145
32 160
19 82
17 30
164 298
24 281
250 252
23 97
59 210
151 245
1 148
157 277
77 299
65 267
128 262
208 212
140 243
185 188
55 221
148 188
76 130
151 284
40 272
125 155
11 169
238 263
103 258
38 125
36 176
8 101
59 153
80 259
198 212
167 232
67 225
204 250
170 215
231 241
73 139
87 239
85 217
61 122
165 235
116 156
22 277
275 285
57 173
61 263
121 269
27 286
42 114
68 209
19 179
126 224
2 220
266 294
80 278
21 60
52 97
90 157
12 159
84 107
165 220
7 13
155 207
3 95
138 234
58 149
158 250
12 29
64 298
132 255
90 188
83 111
73 117
162 279
132 265
97 273
212 250
13 140
2 87
148 215
72 267
86 183
16 95
68 273
19 45
34 174
61 244
119 177
173 227
22 93
83 203
152 293
78 165
28 262
130 145
172 220
204 285
24 89
55 199
92 240
168 254
79 178
158 206
54 257
28 119
7 191
7 198
16 188
28 99
26 189
273 290
49 226
59 87
46 141
181 242
51 153
131 198
56 208
57 122
111 137
231 266
8 272
33 86
95 139
23 207
55 172
22 99
83 115
79 86
172 185
215 253
8 112
35 257
119 120
82 245
12 86
22 219
175 209
231 237
111 243
188 195
208 236
27 171
10 174
79 106
263 295
61 214
148 200
151 175
245 298
10 217
22 129
113 224
198 269
175 249
75 273
66 261
51 111
238 253
199 298
31 214
60 101
198 246
136 210
78 278
43 54
165 170
214 252
5 88
207 285
155 227
82 271
31 289
74 298
258 277
1 138
20 93
121 218
31 124
222 271
288 290
47 260
74 162
10 257
40 123
143 181
46 83
49 58
39 204
2 71
142 208
60 178
104 226
29 40
102 170
200 277
22 187
8 85
151 153
76 119
96 126
34 197
14 112
29 197
157 233
119 178
125 277
24 242
165 297
166 217
255 261
135 238
227 260
5 236
3 132
88 283
102 223
62 160
153 285
83 132
38 227
171 266
58 247
37 221
147 231
155 280
64 137
43 245
204 257
58 215
160 298
146 239
180 181
47 57
109 298
181 253
44 57
239 276
70 169
59 83
22 116
11 20
49 286
9 237
141 298
33 91
57 120
158 168
226 282
82 144
138 166
271 299
238 254
1 194
96 110
99 280
45 186
103 182
182 293
27 274
91 287
158 267
8 213
80 84
159 255
210 272
147 257
10 200
48 191
68 96
5 180
174 176
61 274
67 250
78 222
118 253
184 278
179 216
167 194
225 235
240 281
48 106
40 64
151 253
99 290
135 166
24 177
65 285
201 221
17 104
27 159
33 271
103 286
227 238
95 268
191 269
19 93
152 222
60 287
99 191
51 237
178 296
244 281
147 184
44 124
208 243
173 291
180 280
161 299
154 296
28 127
13 69
96 156
126 207
26 248
81 262
89 130
178 222
14 234
124 146
154 187
96 289
40 218
186 199
118 209
96 283
165 216
123 233
34 216
137 146
257 266
15 237
94 145
140 160
11 50
2 104
50 231
202 246
21 231
249 284
75 83
138 247
51 55
18 216
83 87
73 179
194 262
137 284
2 140
116 252
133 264
176 208
58 285
173 236
54 115
200 297
228 262
63 222
123 295
27 284
6 283
176 205
76 286
85 161
78 133
21 262
169 256
6 112
17 268
272 283
14 160
115 213
31 129
156 163
47 231
236 247
58 284
98 132
23 291
27 228
112 166
95 277
33 157
252 260
152 265
56 64
57 287
16 24
36 181
184 186
108 157
124 243
284 294
107 157
95 239
41 259
93 264
169 232
3 113
14 85
93 191
76 190
17 18
35 134
27 230
128 201
259 292
110 225
102 184
100 294
124 144
197 254
206 221
193 258
18 75
193 286
135 286
206 268
100 206
151 206
101 122
13 235
152 289
186 228
127 151
63 121
164 184
44 90
34 59
117 205
215 228
42 263
38 219
44 186
264 297
133 165
158 275
104 270
60 200
145 260
131 291
153 250
188 294
191 251
22 162
169 194
10 52
213 272
91 227
177 212
36 149
59 167
77 144
39 111
37 120
129 141
87 89
94 106
64 255
177 298
21 45
98 142
202 299
89 203
78 270
30 100
129 297
59 168
9 27
15 184
48 291
79 172
13 80
179 251
7 225
13 162
26 192
194 248
91 239
146 190
91 140
8 43
126 158
51 87
23 43
162 250
132 285
245 276
126 144
208 209
97 244
59 199
1 88
148 165
179 201
152 220
186 260
127 222
132 175
109 284
202 275
54 118
87 277
19 200
163 209
64 72
29 191
61 230
154 270
57 182
66 155
17 124
62 76
67 243
193 268
10 236
8 225
17 243
50 255
31 153
224 232
52 202
47 261
13 99
72 166
32 207
202 220
16 80
177 272
173 229
121 162
154 228
183 225
108 135
31 98
196 214
64 114
43 129
60 227
47 54
20 155
11 146
259 261
229 276
70 127
3 103
13 126
73 242
12 238
16 28
167 218
47 167
49 236
34 123
216 268
24 37
18 83
247 299
186 191
174 274
132 249
58 266
142 172
127 171
78 269
89 294
132 162
219 254
212 273
95 175
117 243
215 284
16 20
260 299
10 57
69 294
106 144
166 216
52 164
129 230
1 122
254 270
162 201
17 196
205 259
68 191
104 171
142 291
142 167
16 236
54 91
157 173
13 77
4 151
191 270
17 297
67 158
93 267
32 108
88 238
212 268
101 279
42 127
18 106
117 286
167 275
99 202
206 235
41 74
15 110
117 234
88 270
82 259
32 274
101 139
137 300
58 116
122 215
2 188
205 242
17 198
29 103
42 279
143 177
35 251
3 72
142 299
43 135
175 300
256 259
55 105
73 186
75 236
63 150
81 191
63 297
101 187
172 296
58 59
177 264
52 290
58 123
124 290
112 187
137 297
97 130
139 206
40 74
218 297
55 127
37 205
239 267
14 243
141 242
260 290
117 220
68 116
10 103
143 256
9 179
32 289
160 216
18 124
110 291
122 283
8 78
100 298
22 292
57 294
211 288
102 109
24 271
71 283
88 153
213 256
20 123
38 194
56 290
172 253
196 212
59 250
116 294
87 253
255 260
60 99
83 231
167 274
8 88
179 268
197 244
181 228
67 93
35 109
174 234
32 45
69 144
67 239
34 229
111 235
7 126
79 201
245 269
38 209
61 128
63 129
180 246
38 134
193 251
1 275
164 182
33 233
50 213
8 28
93 286
154 201
95 181
12 30
70 125
136 165
70 239
84 109
64 87
26 201
87 225
182 189
59 211
129 231
173 233
8 119
10 44
52 181
262 297
232 252
103 171
191 263
102 138
249 268
100 105
291 295
55 280
37 49
162 247
141 161
50 246
183 299
27 28
49 167
71 250
138 255
6 28
242 286
103 249
119 207
112 231
209 290
131 244
34 247
190 206
53 212
14 68
81 182
234 294
186 227
20 81
212 213
129 209
55 260
89 236
126 264
72 199
18 208
224 229
218 248
69 157
82 286
20 38
105 177
69 159
155 163
52 175
47 245
70 190
130 185
11 59
2 72
33 259
31 128
19 177
123 177
96 260
69 76
215 227
67 137
67 228
25 80
221 231
217 248
88 293
289 300
14 177
8 9
117 239
46 155
231 269
214 241
205 210
231 255
179 223
78 203
75 255
138 277
20 212
158 266
165 256
26 152
87 110
77 125
75 193
128 267
155 184
13 261
8 20
129 234
183 245
41 199
37 198
180 205
24 42
49 269
16 87
126 237
133 255
36 270
250 269
30 109
90 228
98 264
34 211
9 215
44 92
6 190
58 183
209 211
125 130
282 292
72 179
120 283
199 278
32 138
1 145
70 117
157 281
132 136
36 200
210 212
54 88
155 224
2 57
119 181
200 289
14 297
63 204
77 188
206 207
74 211
91 235
5 203
106 249
29 90
75 295
177 216
158 278
40 107
116 145
123 203
22 97
108 213
95 250
5 231
12 71
208 296
16 196
59 64
69 215
237 270
7 104
4 120
202 287
213 292
71 80
51 240
127 294
53 205
9 266
70 175
116 155
62 149
42 267
107 248
86 234
140 197
127 134
141 293
88 101
32 162
69 243
15 74
73 94
207 266
82 96
29 214
26 134
71 270
86 265
59 122
113 114
104 178
38 273
28 181
39 284
89 206
94 211
101 151
67 273
191 258
26 147
32 273
113 208
98 194
4 91
72 257
132 178
174 286
92 292
124 200
90 229
43 158
37 278
20 129
34 145
99 284
12 51
205 278
76 99
7 212
130 153
82 218
18 272
172 278
107 134
120 149
5 111
72 123
254 293
219 220
147 215
106 250
235 275
24 232
189 276
260 282
29 165
254 273
157 184
171 271
37 138
19 31
89 246
241 262
271 276
13 86
23 249
3 60
217 228
52 235
116 176
23 194
259 276
9 233
45 205
2 113
81 174
128 239
46 92
6 62
73 230
189 282
9 217
50 114
99 136
36 62
45 224
22 133
223 256
193 195
57 191
22 293
43 240
43 246
165 223
91 141
244 287
162 215
252 275
14 129
187 288
57 300
6 70
8 134
89 295
21 56
71 110
178 196
183 186
138 159
59 116
4 185
72 284
167 292
86 295
91 176
62 111
274 282
33 60
113 184
202 293
147 234
35 115
33 50
174 288
91 181
119 122
27 88
22 135
126 166
167 245
129 250
60 117
57 254
174 204
235 250
21 220
142 145
4 128
169 221
152 223
99 220
256 275
97 261
206 252
32 241
115 175
159 161
55 163
76 209
201 275
17 92
169 213
3 7
106 119
9 20
13 150
177 238
213 215
179 299
90 295
173 299
55 120
210 254
30 196
72 117
155 171
176 298
10 80
55 245
14 187
97 162
136 140
70 141
143 205
64 73
14 137
197 232
40 93
22 230
6 180
149 162
90 192
176 203
239 282
24 77
39 67
154 232
46 258
66 253
139 267
65 280
126 234
51 93
49 123
105 156
235 280
158 294
45 47
141 173
57 295
172 250
185 281
75 228
32 243
190 295
79 117
59 170
93 214
72 230
5 240
78 167
97 279
73 267
74 118
79 283
95 294
31 84
229 253
19 141
40 298
89 122
160 257
117 285
240 246
14 58
73 85
10 43
124 296
259 267
259 268
35 91
176 264
25 255
193 254
12 121
6 37
144 300
143 276
90 114
5 18
91 166
32 34
37 202
35 261
6 12
127 242
68 234
163 202
45 204
60 168
35 206
5 183
134 278
34 105
22 30
28 186
104 214
5 128
35 241
76 78
30 202
106 241
108 278
155 240
78 263
154 238
29 110
25 182
299 300
6 284
2 283
50 203
195 233
110 244
65 140
162 190
9 116
57 187
253 289
222 272
75 183
86 101
13 141
194 210
104 281
24 51
152 297
33 210
47 177
139 229
16 206
149 185
127 272
138 222
176 232
217 287
137 269
159 197
105 139
113 214
14 271
3 127
97 159
14 125
10 60
20 159
192 286
62 227
62 107
138 253
243 253
12 173
193 208
217 240
12 178
74 92
20 137
63 96
54 269
22 75
189 199
158 210
167 239
63 177
131 283
14 101
54 81
113 158
15 224
16 184
37 299
95 286
79 177
8 81
40 91
117 240
5 85
22 178
93 225
20 106
140 148
112 151
55 291
32 156
50 93
117 131
174 271
255 267
126 222
74 256
114 167
28 49
147 291
83 235
34 53
39 181
20 191
40 193
181 297
80 273
59 144
152 274
127 185
88 225
40 276
75 257
32 215
130 168
194 290
23 205
100 117
164 170
20 146
75 203
81 271
14 82
136 182
85 273
256 283
40 120
168 224
85 88
65 268
56 248
211 287
65 169
234 284
141 249
23 253
46 51
57 239
148 260
93 258
75 254
113 190
215 265
58 294
1 70
14 115
93 140
2 195
87 175
30 179
224 226
208 247
92 209
9 166
192 272
40 293
243 299
244 255
104 233
102 218
241 245
73 138
198 200
111 194
50 282
247 251
109 148
38 71
62 171
211 281
87 244
20 233
239 279
31 277
144 285
141 255
78 169
200 293
124 163
56 120
211 228
75 214
188 241
17 60
34 77
269 275
18 214
220 290
55 184
139 221
77 225
200 215
171 263
41 179
206 243
51 169
73 102
285 290
215 280
71 74
43 183
84 130
45 234
37 283
149 160
111 231
273 297
70 76
188 253
141 264
165 214
79 103
112 136
178 229
68 173
186 244
17 21
140 253
15 138
270 296
109 294
69 251
196 238
116 250
96 137
155 236
92 185
17 180
50 136
36 75
121 184
101 287
76 141
76 126
17 126
86 118
152 287
43 250
45 82
93 271
79 151
70 93
14 118
34 36
88 263
77 220
159 194
54 100
182 253
3 100
128 229
122 167
87 158
130 290
87 246
146 248
118 233
149 228
85 296
295 296
186 188
150 173
68 215
108 153
15 80
177 209
180 254
183 274
31 218
49 210
138 299
186 290
67 120
27 41
130 265
40 259
145 234
177 179
124 231
137 270
110 251
65 96
50 74
227 296
156 241
13 173
106 157
38 218
131 178
36 267
84 258
238 240
139 293
103 234
156 190
26 180
54 254
27 164
125 194
46 140
9 234
13 61
33 99
98 286
12 172
160 278
143 229
18 220
146 204
23 174
75 256
36 258
14 97
145 202
139 222
190 258
32 119
196 223
190 265
143 240
5 164
223 274
93 211
82 181
27 211
11 78
179 244
10 242
167 246
165 280
3 106
148 241
53 60
90 184
118 243
71 147
3 260
250 266
10 19
23 27
11 115
41 121
122 187
36 226
141 193
20 164
60 171
48 241
20 278
103 288
147 198
57 87
2 112
138 244
34 157
99 272
29 80
172 241
163 188
172 192
49 52
15 104
66 83
166 254
193 259
42 283
42 240
241 272
17 213
54 157
9 48
25 235
52 60
35 260
268 296
19 24
160 264
7 50
205 229
19 142
102 255
264 294
102 248
144 281
58 161
22 160
148 173
194 211
25 214
156 248
151 261
257 270
173 213
184 194
117 198
16 274
218 271
23 47
103 173
5 112
10 237
249 293
175 294
1 151
27 68
113 121
169 205
32 197
45 286
36 139
94 129
23 209
177 291
133 200
15 156
109 135
128 153
110 167
8 145
194 261
153 251
95 127
54 284
5 254
81 172
94 216
222 285
42 135
94 208
163 253
55 197
185 191
91 203
124 191
165 233
235 279
127 295
87 159
165 291
110 201
126 278
158 288
15 179
10 129
184 293
156 237
185 297
174 261
211 300
239 242
55 283
86 167
89 141
31 189
133 297
12 138
221 235
78 224
142 255
93 299
130 223
257 290
105 268
139 296
50 221
174 232
135 233
38 45
99 260
48 160
32 161
243 272
56 188
75 196
86 97
48 93
259 272
282 283
164 215
110 289
23 271
31 164
72 158
73 248
130 161
78 108
256 278
226 240
126 248
184 197
168 213
208 246
144 269
14 284
35 42
16 288
28 255
54 89
81 187
78 210
53 255
45 101
78 84
140 237
85 86
9 256
1 185
63 64
110 143
57 202
25 149
26 224
282 288
90 277
166 229
70 260
64 139
101 235
51 258
132 233
240 280
43 159
39 185
24 195
43 90
213 261
72 274
94 127
99 207
111 152
5 48
54 252
142 213
17 161
24 199
205 260
132 268
18 195
54 133
103 222
23 65
57 86
34 130
178 184
25 119
94 162
101 146
246 251
62 169
27 199
81 275
204 264
43 291
123 239
202 204
41 89
129 167
65 224
15 122
66 264
53 260
28 148
221 238
5 132
77 265
46 117
21 205
129 223
159 269
28 189
99 135
21 265
77 148
245 296
5 167
38 127
4 79
22 298
86 243
33 300
101 219
140 229
98 248
21 85
2 213
177 262
35 150
217 258
115 154
178 246
53 183
124 168
60 95
23 133
49 137
87 96
121 299
31 240
135 213
63 300
185 201
158 218
23 282
88 161
239 258
72 204
61 280
201 293
235 270
66 86
47 88
198 290
35 50
14 290
52 144
3 288
217 263
47 96
145 254
135 172
223 277
10 40
103 218
20 142
56 295
58 206
64 144
157 181
78 212
219 284
43 173
140 158
142 180
48 276
90 250
34 192
241 273
96 234
232 262
22 141
53 111
248 298
123 140
112 238
229 299
95 241
1 219
186 236
184 291
76 169
141 252
200 271
167 213
241 290
59 209
10 270
109 265
19 109
86 126
125 167
63 139
4 238
94 199
29 228
56 118
39 63
241 264
46 104
103 203
122 141
79 189
79 293
199 240
192 260
187 238
112 138
19 138
154 185
190 223
186 277
65 170
149 300
175 180
27 233
4 140
54 153
106 128
31 196
176 227
90 205
91 97
110 173
228 278
175 191
8 133
69 192
99 129
18 192
150 197
294 296
193 294
30 112
25 262
24 87
157 283
93 231
50 67
170 253
239 269
80 106
240 290
207 295
111 295
38 91
44 162
67 83
85 254
94 249
182 249
161 263
23 110
83 252
31 101
63 253
235 272
50 287
65 288
21 180
118 214
16 192
107 169
133 158
235 278
10 24
157 167
21 86
34 95
13 287
51 118
83 186
174 184
177 269
86 171
15 279
197 270
134 200
36 97
73 266
48 94
35 216
223 225
16 123
43 211
3 121
5 205
62 273
144 159
119 174
48 266
94 282
89 125
22 247
127 202
115 177
20 189
111 129
185 227
101 261
29 176
56 115
280 283
81 254
31 231
259 287
134 180
105 244
60 281
80 147
167 255
142 143
112 287
135 273
19 219
122 165
81 140
46 280
67 231
212 282
43 213
135 177
266 291
36 147
275 278
23 46
203 260
126 139
88 278
31 59
13 260
18 114
37 127
116 199
136 171
17 150
67 156
143 155
108 210
102 157
117 282
76 285
16 142
9 148
13 142
10 251
213 250
172 210
72 183
95 291
65 165
64 113
16 96
6 93
269 297
154 251
115 227
109 235
22 282
18 253
284 287
166 210
147 156
52 90
46 101
4 206
30 74
123 285
248 272
82 180
199 237
242 259
94 231
234 285
267 268
184 189
14 255
115 229
131 290
129 272
172 206
6 120
98 297
126 294
21 173
139 228
37 43
71 196
3 250
85 93
217 227
62 83
34 177
110 233
211 218
35 125
125 275
163 246
81 103
40 54
178 207
80 212
140 275
53 232
146 166
145 283
51 72
255 294
13 74
42 238
30 45
40 287
134 160
198 239
90 202
57 200
93 281
38 159
87 143
78 197
220 279
42 43
21 62
38 141
169 254
19 188
96 101
25 166
12 300
29 184
261 264
26 297
34 127
34 39
267 291
122 285
16 55
90 293
275 299
40 198
13 272
91 96
38 203
18 90
35 135
115 200
17 128
48 253
119 246
25 192
151 181
110 221
147 233
153 180
13 277
35 158
269 283
71 150
216 282
218 254
30 108
181 212
88 104
17 78
26 296
20 70
173 224
192 235
133 168
43 198
23 50
137 171
2 40
75 211
18 27
162 209
40 158
80 151
23 213
162 242
55 185
104 165
100 137
166 174
19 274
69 223
60 240
94 300
158 245
108 155
36 186
7 94
37 131
1 50
130 225
194 270
78 120
189 281
130 299
189 223
232 269
130 152
45 164
83 187
40 148
18 184
115 295
55 108
134 211
121 300
2 290
102 214
26 181
293 299
153 218
196 272
115 221
15 119
144 260
105 199
255 300
143 292
203 226
126 241
53 65
68 231
35 141
64 91
49 63
121 145
3 186
35 67
57 265
4 239
15 188
129 244
129 143
181 206
38 114
216 276
146 177
142 225
67 182
14 195
162 223
253 271
42 249
23 99
248 267
115 151
102 169
123 238
148 222
226 227
41 234
206 251
166 198
29 289
11 264
14 223
29 179
124 265
62 293
271 285
91 255
192 196
31 175
23 28
128 211
210 216
73 286
36 265
89 149
34 245
64 132
36 237
35 123
82 84
79 179
120 225
246 294
151 220
132 269
121 267
5 130
105 299
22 244
267 288
60 235
70 231
106 278
116 287
39 285
1 263
107 153
167 221
152 227
76 200
127 205
294 298
185 247
46 69
283 295
152 235
164 208
22 261
185 285
273 292
54 147
189 296
14 184
119 267
189 251
101 275
137 167
111 119
20 100
170 199
251 294
99 153
203 294
148 193
128 289
29 95
58 95
177 189
171 275
46 211
65 286
255 291
1 57
140 221
151 255
155 276
88 125
149 177
215 296
22 196
24 55
98 154
132 291
1 287
20 92
241 258
148 179
196 201
176 257
37 176
87 290
49 93
187 208
29 195
126 127
142 176
9 117
173 296
79 96
245 257
207 233
16 137
13 232
108 131
37 188
7 205
55 254
97 151
40 167
81 247
63 161
68 161
54 172
237 298
8 267
33 74
97 158
171 177
187 260
207 276
174 181
35 106
62 162
103 254
6 86
177 244
193 245
147 296
121 141
127 264
5 245
194 214
129 210
50 141
28 118
40 69
122 185
56 191
20 243
16 270
40 98
62 69
42 295
74 279
94 230
201 244
163 262
25 111
165 212
6 189
17 200
25 260
215 237
242 253
74 271
114 166
16 153
6 236
167 269
39 265
33 83
89 156
110 166
93 253
104 155
17 192
78 244
60 279
50 77
14 209
40 76
51 175
12 64
22 55
39 56
12 26
56 277
34 274
72 202
3 91
119 212
204 251
5 59
50 73
225 283
36 161
154 237
102 279
109 173
145 209
15 251
116 197
70 82
50 152
84 193
46 123
132 197
90 144
49 179
77 87
103 141
157 193
77 177
33 145
65 87
25 52
90 199
124 291
117 293
43 74
30 140
187 197
132 139
127 267
102 171
21 41
107 228
252 270
138 153
60 145
54 160
74 277
236 283
60 141
65 156
217 284
122 287
55 124
55 143
61 103
5 70
194 271
10 159
108 205
37 187
32 33
43 76
13 55
73 250
102 281
198 202
113 160
12 240
156 157
140 165
104 274
158 169
12 248
61 290
29 281
231 274
138 163
50 298
63 104
151 281
235 289
189 222
43 121
211 298
94 146
30 239
110 197
47 232
40 49
110 220
162 178
42 257
220 283
53 121
235 300
76 203
79 180
184 221
176 256
188 272
26 279
87 122
274 275
63 198
59 189
12 208
7 43
175 195
61 115
6 153
90 147
223 287
179 215
107 236
210 266
166 263
46 177
55 211
69 121
7 245
91 249
44 148
67 283
32 137
31 120
179 260
92 224
20 254
144 191
197 224
176 270
34 296
181 234
32 240
248 300
138 252
142 192
120 143
19 161
174 195
153 196
37 272
93 122
46 156
111 217
69 199
37 92
148 190
150 175
179 278
195 278
202 297
240 248
61 203
59 154
46 113
18 133
5 227
64 187
96 208
43 104
111 181
201 278
8 294
35 223
95 278
151 237
248 289
115 223
80 203
286 290
87 222
78 135
221 279
14 47
53 137
15 21
125 152
7 150
31 143
140 206
57 134
140 162
159 176
155 299
197 265
202 223
226 259
187 283
92 287
112 230
161 245
164 282
101 222
116 138
188 220
89 219
18 139
102 128
82 184
228 259
62 71
210 242
123 142
76 183
29 249
18 226
101 172
193 214
123 284
98 164
164 262
159 240
142 281
64 270
53 54
3 285
64 226
46 90
10 35
36 259
34 104
92 108
56 287
17 218
12 242
50 167
137 239
62 167
81 288
68 250
6 267
151 240
7 261
4 233
233 289
64 69
72 189
5 192
123 234
123 226
78 220
113 201
134 256
204 260
5 66
49 113
64 107
53 200
202 240
222 274
50 148
135 152
32 118
109 197
164 299
109 264
143 171
164 212
46 274
68 260
112 142
16 69
181 211
115 185
29 265
73 249
191 204
118 207
189 269
174 235
84 157
33 178
175 247
131 250
98 230
3 19
39 183
16 240
202 224
50 91
44 292
103 280
53 70
11 253
110 154
33 223
28 45
22 49
198 254
56 159
50 168
67 187
95 156
76 254
59 98
42 229
264 272
31 199
28 100
52 294
1 248
74 138
152 251
39 192
46 58
140 182
256 272
196 269
59 129
60 82
86 188
23 221
124 159
180 210
121 202
54 63
39 94
171 176
19 79
33 128
10 12
165 283
56 228
12 197
117 135
106 242
57 260
50 253
154 194
124 253
56 73
145 208
75 186
54 204
37 241
158 260
80 244
14 189
105 129
133 207
121 262
6 122
59 217
81 161
1 297
12 175
126 212
57 205
134 147
12 227
125 241
178 212
127 296
239 263
124 128
68 146
64 108
48 281
115 271
36 123
54 266
78 173
218 272
68 187
38 197
119 163
54 87
218 298
140 277
230 263
83 278
245 271
24 86
18 22
21 187
56 252
166 287
21 37
149 247
148 265
163 207
80 268
102 116
35 255
107 127
85 190
5 106
58 255
103 128
64 93
13 156
220 286
55 170
31 242
28 210
1 68
99 219
162 192
17 118
158 174
70 287
181 245
48 71
228 231
73 147
64 95
55 76
117 136
252 254
18 145
67 290
45 128
229 300
30 289
26 215
165 191
88 248
23 262
49 50
140 142
105 271
4 167
29 67
148 277
31 136
111 241
114 283
198 267
22 146
99 101
158 222
90 230
84 121
17 34
127 227
65 104
44 297
52 231
24 33
107 124
17 134
5 44
136 226
122 194
52 271
40 291
180 287
242 275
76 242
204 236
49 290
32 143
135 210
161 271
150 191
102 299
47 251
109 201
144 155
82 225
67 147
49 158
85 137
7 93
11 147
41 165
165 273
63 65
204 275
156 159
158 212
125 159
34 175
45 298
273 280
140 222
214 263
42 237
89 179
253 260
147 274
100 109
44 231
43 258
119 206
94 222
27 114
16 266
155 261
20 176
128 147
44 88
128 186
157 169
130 268
43 219
40 227
168 215
21 93
72 243
219 252
69 266
26 299
81 299
82 123
90 171
151 235
261 295
10 223
106 166
157 202
125 232
30 173
176 207
164 192
60 283
91 175
29 190
149 237
16 283
143 153
213 294
148 272
234 255
176 188
53 289
115 294
207 220
188 264
91 229
75 142
55 121
43 146
48 152
73 118
39 52
101 163
135 278
158 228
233 283
73 219
69 231
92 127
190 243
38 240
84 119
44 236
200 217
20 249
100 235
46 263
7 45
55 165
93 104
191 209
92 150
47 147
71 274
102 110
114 230
173 232
141 192
37 171
113 266
16 208
36 57
162 281
86 120
49 282
150 202
34 98
231 271
157 254
55 261
63 67
101 265
165 188
137 296
130 146
183 193
79 150
20 218
111 225
11 137
259 297
107 294
256 277
105 264
76 181
150 289
96 268
179 283
60 215
21 148
12 156
180 297
198 285
166 185
9 71
77 96
137 159
189 271
1 239
170 183
188 300
47 189
159 188
158 194
59 206
110 211
254 264
288 300
56 269
60 242
217 298
79 126
136 206
10 151
119 173
33 290
112 286
142 249
34 204
38 112
51 197
41 204
66 251
45 144
103 156
215 261
135 168
154 162
42 217
27 42
36 65
161 250
194 256
122 183
58 103
122 270
211 276
72 151
124 187
298 299
23 89
125 285
1 143
149 231
4 117
35 147
105 262
108 214
51 80
31 45
281 300
113 272
55 286
25 93
3 50
43 269
77 123
44 238
3 4
35 253
111 114
52 159
87 168
176 231
19 129
65 290
79 183
32 250
19 288
131 273
91 194
221 260
18 113
114 281
23 245
10 209
22 145
73 75
43 98
127 172
58 181
122 148
85 250
30 262
50 268
25 116
165 261
114 243
244 264
135 147
68 107
37 95
11 90
99 224
230 258
7 82
35 185
181 262
65 250
3 68
163 252
62 74
225 254
122 255
23 215
17 72
89 208
122 202
233 287
63 117
77 219
225 275
39 232
77 156
9 200
9 130
39 233
10 263
190 257
146 247
20 284
17 289
174 273
1 168
71 277
65 223
287 295
40 47
65 89
260 292
5 188
197 216
195 279
66 266
8 109
115 172
121 124
92 158
43 197
243 283
277 286
28 188
3 74
44 155
179 207
228 271
99 292
62 112
142 243
230 292
171 182
186 243
31 173
6 264
166 276
103 184
173 247
74 160
148 274
53 147
41 152
60 129
181 225
54 238
135 149
188 299
46 60
22 239
87 170
81 175
23 279
136 273
26 162
37 275
202 291
44 153
170 223
22 264
144 241
37 162
251 267
192 274
99 240
66 98
161 285
148 293
102 225
190 196
218 255
172 287
251 280
65 216
60 188
96 197
112 153
261 277
23 58
20 273
43 154
285 297
142 233
106 137
190 208
36 274
261 283
43 171
63 74
216 241
184 216
13 189
169 267
72 134
68 237
45 206
254 285
37 58
129 252
114 156
32 223
54 86
219 294
62 253
232 290
28 269
97 281
246 282
47 276
143 299
83 279
148 214
69 151
150 294
120 166
83 141
73 273
21 208
54 68
36 64
22 67
28 271
72 239
18 34
15 20
15 222
10 282
62 155
158 280
135 287
42 51
165 197
7 60
168 288
53 287
256 269
227 294
155 175
71 209
59 263
124 209
87 282
180 191
174 255
125 293
139 152
25 123
62 152
138 181
87 215
19 116
81 126
52 124
229 273
83 253
125 195
105 181
9 252
182 286
41 146
22 262
24 230
138 235
15 27
115 117
8 54
29 285
4 67
21 105
50 140
29 69
11 221
156 271
104 157
15 67
51 185
234 271
65 190
24 164
136 242
46 172
161 168
115 268
41 228
162 235
185 195
65 124
48 296
161 276
131 215
133 176
155 260
109 281
210 237
25 158
45 173
147 277
154 256
176 299
145 264
63 76
84 161
13 54
121 177
173 187
43 215
1 264
195 285
33 110
222 278
43 272
78 168
59 235
124 284
124 186
36 140
65 180
32 97
164 254
209 242
251 270
242 272
15 285
85 122
41 186
8 159
55 79
76 122
100 189
142 241
42 47
9 289
143 273
199 250
213 288
170 247
9 96
154 188
91 161
107 238
176 291
49 218
96 198
19 52
131 269
97 252
180 237
70 108
9 153
41 275
5 165
89 235
23 175
85 240
101 212
78 137
234 296
26 233
210 234
41 102
14 175
266 288
227 291
19 163
207 218
33 137
181 239
146 158
160 242
54 75
11 110
141 199
39 186
55 132
217 271
24 247
62 84
55 136
22 23
80 221
22 251
90 263
214 223
47 128
78 141
201 270
56 284
22 202
55 248
114 215
83 202
78 123
1 191
57 236
202 238
82 281
174 244
224 283
160 180
91 160
251 296
20 82
100 281
183 218
108 164
22 258
10 72
15 142
167 271
72 132
23 223
92 102
15 161
11 202
82 149
20 169
20 65
113 164
14 245
121 199
71 265
119 229
48 117
55 117
134 196
213 251
42 247
153 207
226 235
96 296
129 254
70 251
14 226
208 215
55 158
183 250
122 267
9 55
62 156
159 168
126 230
233 264
140 295
98 284
214 282
20 282
52 101
19 279
142 287
187 235
1 111
135 256
52 285
16 224
223 238
91 279
87 140
70 197
74 170
25 86
43 257
151 159
31 248
136 146
213 222
132 165
117 191
47 117
48 270
110 121
183 292
158 283
205 234
146 236
25 76
169 200
201 288
201 276
113 226
227 228
38 213
92 217
44 58
35 47
68 227
128 163
174 225
15 85
95 123
71 294
8 214
220 291
114 286
108 263
62 141
116 135
22 226
64 251
14 292
188 242
66 162
13 200
59 85
109 252
49 170
100 284
60 218
259 295
21 90
232 267
37 287
16 22
120 133
41 273
250 279
79 251
36 224
65 237
69 239
107 257
98 139
106 109
153 188
48 139
69 126
11 124
8 193
125 234
55 147
84 203
103 291
246 295
3 6
77 105
157 218
190 192
31 38
111 177
124 148
1 89
86 219
14 163
70 161
132 187
56 200
85 188
108 185
166 244
44 97
103 279
66 136
8 195
47 108
111 214
13 206
10 61
151 154
6 43
12 184
139 204
44 179
114 287
5 218
161 294
93 115
179 239
2 176
202 279
12 113
79 288
74 155
203 222
108 198
68 255
36 165
1 140
68 184
124 199
94 132
237 274
13 231
223 243
126 209
142 272
130 208
17 48
169 233
41 44
95 204
13 178
217 293
48 74
57 151
54 84
33 87
62 281
84 140
238 289
78 163
190 232
222 268
3 286
8 89
54 96
222 289
170 254
160 213
13 64
80 182
194 274
86 276
10 14
7 279
55 299
211 268
121 261
65 77
119 160
274 276
82 176
180 230
157 249
4 99
165 182
146 252
189 297
270 281
62 297
13 133
32 41
107 141
185 242
192 291
11 265
66 259
14 20
60 216
41 261
12 274
73 76
27 288
170 209
94 229
183 189
68 185
203 224
229 231
197 255
255 272
172 194
88 298
166 288
58 296
180 261
86 193
6 107
28 283
92 120
7 100
90 168
46 191
227 267
253 286
122 162
36 41
87 208
118 246
130 190
30 76
254 290
135 167
53 213
52 247
151 191
75 96
267 299
170 220
96 216
52 59
18 223
134 146
27 153
125 145
66 120
118 294
107 282
28 226
156 207
195 239
81 169
155 269
6 162
71 143
243 257
42 194
58 155
76 236
33 174
2 44
34 50
78 262
146 246
188 198
139 210
40 186
164 225
295 299
93 144
94 161
14 162
269 274
83 157
34 124
156 221
271 292
79 153
138 160
257 297
89 119
8 100
88 291
183 269
12 126
33 236
24 80
178 230
27 121
48 285
50 289
42 171
98 291
74 113
103 134
75 80
3 144
61 248
167 212
29 192
230 294
62 221
118 258
86 256
92 195
22 27
68 158
68 252
7 204
21 127
20 72
68 251
129 194
67 124
115 212
94 122
90 262
97 260
213 243
215 218
97 106
11 82
115 292
209 245
194 289
9 203
14 95
15 68
6 14
68 195
94 225
14 64
176 253
137 217
45 188
62 254
22 108
47 68
235 288
162 237
108 295
7 21
49 129
94 271
133 159
24 283
86 177
203 241
216 277
18 95
89 298
183 252
111 174
217 297
217 273
245 291
240 259
104 264
23 93
11 19
159 246
40 117
67 200
62 116
11 70
279 296
124 275
154 277
195 248
71 211
33 47
103 285
28 296
32 110
49 268
49 168
1 150
58 75
69 166
36 184
103 162
82 234
9 253
56 266
167 296
126 283
63 136
35 297
118 227
126 169
44 245
226 234
9 61
167 291
15 91
92 263
98 253
38 86
118 193
82 173
196 228
213 300
82 140
209 287
14 262
89 160
94 241
96 161
15 223
95 110
155 254
85 276
58 99
96 159
157 180
158 163
58 142
182 281
217 275
21 288
44 175
14 60
195 265
154 294
259 283
198 292
85 163
140 252
106 294
142 288
146 179
146 295
237 255
33 156
148 158
119 183
113 130
212 233
290 298
142 242
194 240
225 286
88 274
160 218
122 222
102 161
47 281
26 291
133 206
129 137
53 188
85 245
30 213
24 153
81 170
49 97
236 249
186 286
18 128
5 170
20 74
232 250
45 178
215 229
165 243
84 186
258 287
168 255
78 97
21 106
31 66
150 236
78 252
8 296
172 221
57 266
73 252
214 219
124 254
214 242
115 141
82 222
57 156
238 291
32 214
100 136
35 186
64 198
130 157
73 283
13 114
53 168
88 252
11 53
89 162
70 187
207 286
3 117
77 183
111 219
73 172
196 266
60 259
72 211
47 178
2 161
12 72
122 237
136 150
56 110
32 144
170 234
66 277
65 177
94 277
115 249
42 64
23 233
126 204
169 298
16 154
69 235
166 192
129 159
270 287
76 138
127 292
98 102
72 259
84 229
178 220
39 271
70 154
197 271
118 161
93 212
21 290
23 200
19 61
176 217
68 225
65 210
153 166
110 194
226 275
134 159
16 160
60 155
175 198
188 296
123 247
41 238
170 269
15 231
12 144
234 283
160 248
86 224
58 87
7 103
118 141
151 282
111 259
10 216
271 275
17 275
50 162
120 260
57 91
66 108
25 85
134 191
79 212
15 131
246 250
24 44
166 194
41 108
215 263
182 230
99 222
64 266
59 137
159 230
112 157
94 113
27 72
175 208
197 263
218 243
173 207
80 235
252 278
157 300
98 214
42 131
24 47
11 199
4 202
1 245
30 60
210 230
51 267
39 279
105 136
215 283
220 248
40 267
9 114
20 143
84 286
38 222
191 225
90 94
55 171
205 248
65 94
131 187
138 172
3 123
104 284
123 194
246 275
135 186
69 100
117 254
19 284
63 119
2 30
44 46
29 245
31 62
2 5
139 234
153 248
240 252
39 227
256 267
69 87
96 211
263 271
160 270
76 276
249 297
184 224
138 292
142 166
56 201
43 96
192 270
156 236
51 129
169 209
156 166
101 192
22 241
21 155
125 140
76 118
200 237
221 258
167 182
6 18
188 243
69 204
95 234
123 146
93 213
61 166
144 185
10 188
66 249
15 147
62 140
148 300
117 249
31 249
27 252
81 253
2 259
17 281
233 241
62 173
140 183
55 66
78 200
76 223
11 276
121 290
69 131
191 224
234 240
98 281
15 247
291 298
7 290
236 246
110 277
45 261
86 284
70 189
67 126
239 284
254 276
133 238
39 82
87 164
18 283
2 46
108 253
44 113
68 122
113 146
43 278
30 225
125 221
107 116
53 77
137 169
232 258
263 283
78 134
54 209
233 300
73 233
179 186
141 234
38 142
37 286
24 76
117 230
130 196
33 239
154 167
96 294
63 266
99 247
50 279
119 254
77 228
61 251
20 78
25 299
130 154
224 297
88 224
8 288
151 296
126 191
1 120
116 132
5 125
90 146
224 249
130 189
66 275
184 281
46 59
204 297
185 289
109 186
113 137
40 285
123 197
15 226
274 299
70 269
48 135
231 262
119 290
202 229
145 198
118 299
221 228
12 202
22 221
42 155
38 168
40 135
136 172
132 194
134 239
102 158
98 174
119 234
150 178
55 281
8 215
97 138
67 177
241 269
105 242
90 100
211 222
48 110
15 64
185 223
93 194
140 191
23 156
104 114
7 207
200 296
84 202
28 227
133 164
170 186
176 182
153 162
45 77
90 98
181 279
191 273
16 278
78 196
13 259
74 122
58 154
39 184
109 289
131 299
20 269
12 127
127 234
52 210
152 158
1 82
26 111
102 153
29 231
95 194
24 65
129 171
53 197
38 288
284 292
18 206
94 171
58 233
140 184
7 231
33 256
50 61
44 187
65 256
9 28
37 45
290 296
137 140
6 276
220 256
119 126
20 300
261 292
45 167
216 291
222 292
129 155
200 280
104 206
42 88
24 168
174 237
20 281
160 188
190 224
48 214
208 211
270 276
125 261
105 110
163 233
120 179
59 120
139 207
5 63
163 169
27 229
201 245
19 80
57 195
74 280
86 88
117 279
136 205
40 86
72 83
145 170
1 131
77 169
247 283
4 92
52 199
41 211
209 216
98 260
85 272
14 114
14 194
56 291
229 243
68 154
78 215
58 200
211 252
85 194
1 49
76 202
42 260
86 230
86 206
80 280
57 155
29 142
78 90
109 123
92 214
254 298
89 133
60 267
48 112
189 247
99 244
263 279
200 286
147 290
121 150
31 162
144 271
68 136
154 225
156 186
133 148
3 39
1 62
129 183
44 253
188 284
44 84
30 68
243 282
53 224
207 299
226 257
4 64
6 54
205 256
67 144
229 235
239 250
41 167
74 295
125 183
91 193
62 200
103 270
117 258
35 129
90 175
58 174
5 54
78 99
46 212
226 256
54 173
205 220
127 139
213 267
28 34
51 212
260 289
109 152
21 246
9 121
156 202
189 218
162 295
91 260
31 145
46 162
5 292
186 293
61 123
125 218
42 55
71 100
99 228
166 206
21 270
92 262
33 100
98 167
151 277
76 81
7 113
80 275
120 292
116 279
51 148
115 173
37 142
101 218
111 190
41 240
242 298
193 198
195 222
46 248
138 285
11 120
18 274
139 264
110 249
48 163
115 219
56 92
1 236
23 42
232 244
217 231
20 186
112 184
78 143
3 262
112 257
48 95
87 194
3 249
59 97
138 237
170 287
154 215
251 283
60 96
195 225
231 282
120 212
107 187
230 300
166 257
183 210
71 199
92 266
65 167
75 225
18 40
3 235
168 179
160 228
49 95
236 265
42 153
149 282
77 110
54 155
79 264
44 268
185 291
50 188
4 251
71 132
82 172
52 89
19 298
63 219
154 159
113 132
83 183
126 176
63 214
18 190
217 254
230 261
52 94
169 202
209 233
79 194
196 221
47 139
168 239
37 109
63 299
161 222
98 289
81 240
152 176
35 108
168 216
46 93
62 228
179 288
35 271
147 169
66 209
40 189
203 214
83 138
143 280
84 274
187 192
165 184
124 177
71 163
28 208
107 277
18 279
120 295
159 165
71 202
169 178
105 275
31 216
71 94
69 146
60 76
142 165
24 246
244 275
111 200
196 289
238 245
112 116
29 75
124 242
162 251
64 230
34 227
110 196
65 162
40 43
242 243
153 273
47 79
64 129
52 176
263 282
93 199
101 195
22 265
112 165
4 234
139 226
235 257
13 17
106 243
207 210
130 240
68 131
96 97
147 151
116 255
14 230
157 160
80 243
121 158
8 171
14 155
130 181
170 189
180 299
51 256
118 169
12 15
40 176
66 166
80 297
154 180
256 271
27 75
144 231
203 277
166 212
218 300
27 141
59 155
8 123
177 257
63 191
115 160
143 279
62 77
32 248
162 234
31 273
150 162
52 107
153 189
47 146
57 123
101 236
72 142
122 184
91 280
9 264
215 259
17 246
75 197
112 295
87 269
5 29
15 127
31 166
94 267
241 291
51 151
7 160
134 169
121 154
32 60
114 300
211 219
152 165
95 132
7 210
7 215
162 182
125 227
20 139
57 171
140 170
142 149
19 126
90 189
27 120
250 258
224 265
82 224
250 272
105 197
6 64
76 214
32 89
149 265
40 257
140 152
72 119
36 235
117 294
136 252
296 300
149 161
178 297
64 82
36 80
6 78
252 295
179 229
54 278
52 103
261 298
125 201
122 293
225 227
109 223
196 288
95 129
164 238
67 244
224 248
115 290
64 269
222 235
115 183
89 221
95 146
97 111
171 197
159 242
119 128
52 123
210 271
155 285
9 226
80 181
61 136
41 242
5 261
111 267
2 98
43 172
47 80
107 239
5 249
121 156
117 148
18 156
69 74
24 52
15 213
28 103
17 19
120 128
39 215
59 82
25 28
229 255
132 232
135 234
44 258
11 15
103 137
30 93
71 109
51 273
134 242
38 252
31 191
235 252
228 264
158 172
74 176
61 232
151 174
74 137
50 230
163 187
119 257
53 180
83 257
42 54
92 163
62 193
86 90
162 191
36 229
194 208
101 269
97 290
33 283
7 74
84 241
140 296
71 169
46 186
120 142
21 117
62 174
128 222
55 111
164 186
64 152
24 32
18 212
4 136
235 273
179 263
81 111
8 287
12 132
34 226
157 235
41 114
94 148
123 297
49 259
259 279
138 281
265 285
42 93
38 258
98 141
32 125
278 300
145 228
80 256
22 229
137 222
56 59
140 193
5 277
99 285
157 299
11 141
57 257
110 180
175 225
80 142
154 170
22 267
103 110
156 299
143 157
65 248
153 170
74 164
193 232
271 272
59 69
87 272
73 244
19 125
119 224
82 183
266 267
190 251
14 62
17 100
41 148
98 231
64 300
236 244
176 180
162 236
167 258
160 279
60 294
127 251
182 185
175 220
17 151
83 240
30 152
195 244
13 160
203 228
82 247
35 138
115 208
77 276
125 188
144 158
6 52
93 269
121 278
57 172
31 259
15 134
33 240
15 111
227 264
45 195
119 225
139 284
148 210
234 293
187 245
16 158
155 256
245 277
59 182
5 126
98 245
104 256
171 250
59 181
130 214
192 206
121 203
28 278
106 201
121 180
250 256
61 261
216 299
86 297
284 296
109 134
47 229
15 220
26 38
132 239
151 280
179 192
221 257
114 220
48 103
133 259
142 223
25 101
56 139
181 218
35 198
37 295
30 150
90 93
69 249
18 42
100 216
76 91
140 293
10 221
194 237
91 162
184 203
49 51
127 239
154 166
152 172
27 156
230 249
177 207
34 37
75 114
74 254
138 213
209 267
126 185
191 198
228 241
218 268
54 227
111 188
13 285
35 211
39 101
70 84
110 243
123 204
17 230
77 181
76 274
64 299
60 122
95 242
25 185
42 293
159 294
235 277
192 246
74 249
59 146
99 215
10 25
234 287
58 108
70 167
12 267
30 242
13 215
31 246
60 68
88 255
57 244
135 255
16 228
52 162
85 152
35 55
48 205
78 298
46 126
100 184
66 135
3 11
37 151
146 199
118 136
22 31
21 69
254 300
13 190
98 152
117 216
49 227
117 144
102 293
66 117
236 245
138 139
1 277
168 207
4 215
126 164
79 145
33 181
68 78
178 258
30 132
61 107
142 202
24 217
120 159
11 194
11 73
62 122
61 267
109 286
292 295
14 261
151 189
195 274
82 160
91 106
53 159
98 233
123 126
104 107
21 170
55 238
206 289
21 300
162 287
155 225
109 234
211 247
18 177
104 241
112 252
247 274
111 175
13 254
3 151
218 241
68 176
59 242
25 54
24 257
178 257
31 245
220 224
13 171
193 237
64 237
148 257
53 253
84 188
32 259
171 288
3 102
82 217
226 283
208 258
284 289
95 279
38 277
131 153
160 288
26 247
38 117
38 217
94 96
56 199
218 256
134 247
179 254
117 165
94 295
30 206
25 78
74 216
159 208
31 36
46 49
130 198
3 195
107 262
138 141
207 222
13 266
18 204
154 288
121 166
144 193
86 294
15 245
230 283
210 297
66 71
86 94
266 287
10 275
118 121
209 278
63 126
51 241
22 109
185 293
91 238
19 265
13 47
40 109
181 235
49 213
98 205
119 275
270 299
18 163
32 173
123 278
51 74
35 242
125 263
190 214
53 151
88 102
87 264
224 293
81 110
66 227
45 134
192 198
130 148
92 249
114 199
29 143
13 67
59 249
5 28
44 223
204 245
72 143
82 137
96 122
214 236
56 294
56 296
95 128
147 195
118 220
155 230
51 207
15 49
52 253
213 225
178 198
106 234
240 249
187 237
167 229
62 204
120 263
109 290
5 100
132 294
261 278
159 237
208 228
11 176
118 171
192 233
167 297
233 244
14 27
31 167
163 268
234 247
188 275
19 218
122 209
32 106
76 109
67 69
73 92
128 245
237 285
90 173
84 264
17 68
68 291
153 169
23 36
16 133
219 286
242 270
6 201
135 274
127 240
108 236
237 266
149 167
72 144
32 93
230 241
60 126
38 121
276 281
113 239
95 295
15 86
279 298
141 231
183 188
284 295
209 292
160 172
156 252
140 288
57 163
186 204
44 229
81 234
203 270
221 286
113 238
223 252
72 277
37 114
21 157
2 110
32 193
81 155
15 125
23 53
57 228
79 159
46 184
17 59
216 293
3 35
211 240
102 298
7 85
240 270
115 145
102 239
271 282
164 233
154 189
50 184
94 281
97 246
109 132
26 150
12 157
48 76
83 164
273 298
89 117
198 201
20 112
9 300
7 140
20 195
157 208
221 246
47 72
176 287
5 7
132 256
264 282
80 188
52 273
48 129
144 230
97 132
160 267
16 93
204 235
246 256
38 220
136 300
58 245
181 270
19 239
235 264
197 256
107 170
125 134
78 178
26 151
16 120
229 230
190 277
178 294
100 279
51 70
75 279
196 270
6 130
127 209
179 282
54 131
69 277
43 190
250 289
132 161
108 248
12 90
132 160
105 290
149 250
194 286
265 286
38 99
173 256
179 247
26 44
11 135
9 248
36 136
187 204
4 279
51 162
50 225
19 296
5 257
75 160
68 300
114 289
66 99
239 259
70 86
4 245
40 264
36 175
91 264
174 279
115 259
73 145
31 40
232 270
112 132
103 206
13 78
1 58
21 109
38 255
166 172
61 80
238 286
57 140
36 194
117 141
114 172
12 114
79 285
268 288
191 259
112 148
85 159
200 283
52 180
109 296
47 241
105 116
164 274
281 292
140 203
24 223
10 297
126 192
74 147
16 179
19 56
42 269
199 241
157 266
1 113
276 289
212 293
88 118
154 275
197 258
17 41
1 42
131 223
25 32
50 103
113 234
150 234
200 254
10 41
181 299
38 111
90 246
46 102
167 228
122 266
42 158
25 210
115 121
91 232
111 212
170 284
162 167
89 126
261 288
87 300
251 261
143 260
166 218
135 291
116 190
183 266
223 262
80 228
31 184
17 31
154 198
193 249
73 135
126 168
42 280
24 233
10 81
253 280
20 168
211 212
95 223
56 138
11 284
164 268
171 289
116 144
127 231
130 212
105 165
14 93
41 64
158 258
35 88
94 107
37 80
52 204
175 269
208 266
144 270
141 209
66 147
176 275
159 189
113 267
79 261
85 208
74 158
147 149
139 220
84 287
218 283
72 145
41 61
85 155
243 285
43 147
19 295
173 289
60 153
216 292
36 234
157 227
173 290
220 236
210 296
71 81
68 104
271 277
229 259
75 87
112 150
115 136
43 160
112 207
126 260
235 294
16 36
78 139
92 142
154 241
185 271
20 24
34 255
275 281
64 68
236 291
23 288
22 144
36 238
189 294
17 22
183 234
175 218
2 217
1 98
138 170
11 274
156 203
120 167
204 246
64 295
12 106
27 205
39 170
67 210
215 267
92 193
180 260
98 199
17 193
281 290
190 234
78 228
142 216
275 296
207 282
236 270
178 295
59 139
57 214
158 181
95 191
137 210
39 89
21 78
77 250
79 190
221 223
101 188
50 149
77 262
54 112
120 152
57 69
170 175
221 234
29 216
129 181
188 239
70 254
208 226
11 37
5 194
120 245
131 222
43 122
67 73
39 277
189 229
44 235
15 172
41 119
33 116
223 228
221 236
119 286
74 250
42 294
20 275
53 285
206 249
198 295
64 150
15 118
38 138
107 240
131 258
63 264
25 215
149 202
173 253
162 207
26 32
240 253
53 155
9 219
90 91
201 225
107 140
102 249
4 200
163 291
68 112
61 68
4 103
162 195
127 164
88 272
26 258
173 203
191 228
62 190
66 139
226 278
146 152
136 237
154 265
176 234
91 145
125 229
142 211
114 285
87 117
100 169
236 241
237 294
224 238
3 170
197 221
42 199
34 297
52 53
141 267
90 231
5 21
39 102
33 215
71 171
144 160
241 263
95 201
241 252
55 231
76 101
68 85
210 218
134 226
163 279
33 149
15 137
253 296
29 49
40 85
198 264
88 254
156 194
118 204
151 229
32 195
178 274
260 287
57 147
81 104
14 225
182 255
178 272
22 148
206 256
5 87
176 268
116 175
74 287
36 99
92 169
156 201
67 128
91 128
258 267
92 197
56 114
13 240
129 197
117 199
12 239
167 299
234 274
127 197
39 291
2 218
5 262
96 284
91 248
58 293
98 161
111 199
20 77
28 195
73 105
11 77
31 125
90 298
151 273
195 262
66 134
38 56
166 202
68 266
48 102
34 214
99 148
86 281
79 110
48 215
131 191
114 270
50 137
91 146
109 228
73 285
13 211
103 108
28 137
91 198
71 285
151 168
44 286
141 198
10 148
46 137
10 89
282 298
258 293
7 277
142 181
122 136
20 174
30 299
251 279
52 266
27 90
189 261
62 265
2 92
111 149
58 278
241 289
72 224
244 249
189 245
152 212
27 32
58 110
145 201
104 299
145 192
28 112
4 289
77 186
36 63
20 132
160 178
29 131
14 59
16 227
115 147
20 42
195 236
86 255
148 245
57 124
68 160
160 164
32 225
18 54
46 204
159 190
53 278
73 189
9 218
12 234
152 241
140 274
64 250
63 268
149 256
5 118
157 198
20 206
5 260
85 287
206 216
38 276
15 123
170 245
88 280
7 31
239 248
118 173
7 24
11 49
118 218
73 221
103 187
83 170
21 113
221 240
228 298
164 294
133 162
133 150
8 182
124 236
143 186
66 112
206 230
162 226
47 165
7 180
134 195
23 160
42 193
165 249
32 200
18 49
27 243
238 255
48 210
89 110
124 171
92 271
77 152
19 127
32 57
95 261
208 264
57 158
40 90
72 174
48 156
55 84
93 158
42 288
28 184
151 152
45 202
102 277
109 243
52 158
212 227
29 246
74 270
100 246
8 102
5 222
83 239
34 284
70 180
214 237
117 222
179 293
214 300
182 241
44 129
146 255
43 123
3 27
12 174
188 222
261 280
130 174
69 174
122 292
21 174
23 143
47 292
103 284
133 157
264 286
8 192
119 287
47 75
15 54
59 112
224 296
116 150
129 259
71 88
97 120
5 173
157 220
119 157
142 194
235 237
216 235
23 196
175 274
11 126
21 184
92 267
42 98
49 215
62 85
158 290
15 158
19 77
114 177
71 244
59 256
38 83
183 271
130 180
92 239
174 213
45 246
7 71
84 290
123 272
195 294
141 282
204 252
85 172
12 264
107 293
242 250
12 35
27 249
220 265
10 173
212 242
85 96
112 299
31 79
174 222
179 230
112 176
75 270
22 56
34 68
49 176
173 188
10 215
160 240
91 257
171 251
66 195
115 179
53 294
20 37
87 235
108 204
38 223
87 232
223 251
26 55
55 130
33 67
32 92
4 197
52 274
107 273
223 283
85 193
79 98
173 271
233 248
112 141
134 184
44 49
174 267
124 245
33 213
196 255
196 244
11 128
33 293
192 247
106 117
8 224
253 259
17 252
67 198
29 140
54 138
45 95
47 210
47 87
33 35
82 289
26 241
31 126
87 133
42 292
19 78
224 225
27 52
35 252
56 251
20 69
174 266
79 295
105 224
88 213
14 241
106 182
96 176
81 217
12 115
82 150
288 291
63 162
8 257
4 55
169 184
48 89
217 232
52 291
104 111
92 258
97 105
4 236
37 248
71 120
28 61
46 277
60 247
108 163
18 248
49 195
253 297
42 167
71 197
100 164
135 150
158 170
166 291
70 227
45 150
217 246
114 208
160 262
40 42
15 159
21 58
114 162
39 297
182 278
100 160
23 126
98 125
193 283
176 238
91 267
204 232
37 59
9 134
60 100
37 288
67 255
78 285
81 203
231 254
186 281
72 168
201 300
135 153
208 219
175 239
33 96
45 105
85 252
93 116
16 18
9 281
96 102
29 292
75 102
40 62
60 78
105 201
6 21
5 65
219 240
247 266
107 114
66 113
89 251
96 248
35 133
2 60
89 232
137 275
189 213
129 220
38 102
18 238
44 127
108 265
3 80
39 289
192 210
109 179
241 293
15 48
45 194
73 170
78 254
173 181
2 295
148 201
70 220
80 211
131 151
157 287
10 93
102 227
123 213
10 92
158 234
7 285
110 146
29 47
156 288
191 288
120 241
44 118
167 238
69 282
123 150
17 298
124 263
40 104
186 273
182 242
55 151
77 281
150 192
27 187
181 241
74 143
13 37
80 119
59 162
115 186
62 182
212 243
196 247
96 209
6 244
89 97
201 252
35 45
64 112
17 52
6 247
1 101
36 114
237 256
44 203
44 50
148 244
144 156
8 218
136 199
52 224
36 221
11 153
71 227
19 234
190 261
41 191
14 132
39 123
15 164
178 204
113 193
14 266
108 147
147 203
192 282
104 168
86 132
218 274
87 205
5 258
88 131
179 256
16 151
88 135
168 292
79 203
105 247
70 142
120 124
53 182
77 215
244 296
103 243
6 215
142 240
206 264
209 252
213 299
74 282
94 142
60 214
17 258
196 277
53 290
1 14
196 253
100 114
204 234
263 293
102 251
24 67
49 74
179 281
140 189
75 152
45 252
55 125
251 259
125 217
178 182
32 55
31 297
2 252
11 295
133 269
112 126
34 289
103 179
26 167
93 114
20 34
56 83
234 237
249 253
178 259
2 293
241 298
78 106
199 201
133 197
40 143
124 282
139 289
175 228
30 128
104 173
1 56
126 187
25 196
93 295
220 268
109 260
7 151
206 298
148 291
115 196
144 250
14 75
67 108
30 244
125 258
48 277
116 227
9 262
79 262
124 219
212 287
87 242
183 229
9 112
114 141
85 195
71 125
141 294
10 229
52 152
159 251
226 239
172 200
52 136
17 274
221 272
201 226
178 186
213 231
132 192
75 201
135 281
10 267
84 279
54 128
59 222
142 298
36 183
25 263
184 217
13 207
70 202
113 145
95 96
100 134
18 257
33 48
86 149
86 266
89 143
22 72
70 212
121 287
109 214
111 271
213 276
55 188
19 203
66 243
157 294
190 246
143 298
266 290
107 168
71 210
149 191
178 250
191 229
22 297
7 221
190 202
44 64
31 270
25 216
118 232
256 261
115 187
66 232
60 241
83 206
80 266
101 268
101 270
47 220
16 34
105 164
160 198
176 192
126 156
134 137
198 281
160 166
116 246
42 164
68 228
89 159
17 176
69 259
65 126
189 190
14 51
126 216
53 145
67 202
145 265
231 243
23 129
67 122
220 230
74 188
35 282
14 99
10 299
150 230
70 97
225 261
215 291
63 98
84 89
79 161
118 293
115 189
180 225
118 300
144 214
62 286
48 223
201 284
60 174
28 162
14 31
151 190
18 19
89 209
99 145
251 292
42 130
101 233
176 244
74 103
64 185
132 276
140 213
9 260
11 55
43 235
244 271
58 105
249 260
95 108
139 205
168 291
79 265
10 144
67 282
187 210
79 247
191 208
56 237
17 270
48 237
197 275
8 67
94 168
147 251
63 232
129 267
70 298
16 293
88 159
1 292
101 240
137 199
101 232
110 189
106 121
13 278
165 258
22 117
19 43
30 260
146 155
130 294
5 89
6 205
211 285
221 289
143 231
81 230
110 188
228 254
112 249
108 168
41 182
85 199
204 231
14 228
163 260
40 89
61 196
270 297
12 265
146 268
84 268
28 251
164 196
49 248
167 283
158 205
17 64
16 198
132 287
229 283
127 166
11 159
127 128
40 92
54 122
6 145
10 146
127 214
43 47
23 208
142 163
4 127
127 206
212 253
86 218
42 151
59 156
129 266
111 287
190 255
234 248
51 265
22 82
118 125
88 111
82 129
90 143
114 256
15 53
239 243
112 254
108 237
30 178
234 295
110 129
183 219
128 241
25 173
74 185
99 197
132 237
63 174
120 151
64 283
19 211
63 279
291 296
158 297
52 293
128 165
79 148
7 255
164 193
184 185
25 221
19 291
46 185
154 260
107 286
119 121
32 245
179 285
49 131
205 281
45 116
14 205
27 133
98 172
136 209
219 241
58 60
156 219
161 209
105 133
61 217
15 130
155 286
16 152
207 277
175 282
178 236
17 166
52 64
37 155
68 240
127 278
232 238
41 151
198 289
25 159
36 101
48 143
101 223
12 36
73 176
41 168
298 300
124 184
86 195
60 286
88 207
96 262
235 261
32 253
166 256
103 107
50 115
97 114
85 166
3 67
143 241
16 91
59 248
225 269
230 299
24 137
37 208
125 182
3 65
19 271
69 188
20 51
37 167
64 142
33 212
82 152
56 116
17 184
68 99
212 278
193 239
1 155
43 166
224 260
76 89
67 241
46 157
86 251
158 199
6 140
42 182
65 200
193 270
222 260
228 282
26 102
105 180
108 142
84 105
73 164
178 206
37 146
116 267
42 242
198 260
45 226
99 128
120 232
159 212
8 42
1 135
10 51
49 214
188 191
43 290
116 172
65 213
183 207
34 128
44 265
251 281
49 72
5 69
100 225
48 105
52 127
43 157
38 49
54 137
80 270
105 169
58 119
118 263
44 65
93 200
78 154
78 117
52 220
129 132
109 133
84 141
59 86
98 195
231 235
38 241
239 261
133 245
136 295
79 107
230 293
82 290
195 205
87 278
96 164
247 250
1 200
141 246
183 267
31 75
74 180
50 186
216 262
15 236
163 274
92 228
163 277
120 285
103 239
192 243
24 289
156 290
118 164
49 105
198 287
152 300
27 92
55 142
10 56
240 273
71 162
75 110
181 230
139 256
140 247
42 252
294 295
45 284
56 230
152 209
96 279
112 239
131 192
43 152
133 266
90 291
10 119
62 96
66 91
112 285
138 254
158 272
42 125
93 218
3 237
87 149
185 229
103 217
101 216
178 200
30 232
254 295
30 42
7 19
43 220
46 240
98 159
11 72
95 133
194 241
107 203
2 39
22 132
144 242
157 284
62 248
16 197
145 168
104 231
16 166
90 180
20 116
86 116
6 278
246 269
108 273
10 258
209 243
58 205
83 185
95 122
52 109
19 84
228 248
79 280
80 248
25 157
94 245
64 239
81 100
77 229
79 104
39 95
4 278
13 106
109 239
11 101
191 296
6 185
250 296
184 196
80 229
137 287
73 195
2 23
94 180
39 99
2 117
2 246
124 164
43 237
59 164
7 253
35 69
93 221
62 220
73 217
57 80
182 218
87 295
50 220
91 127
17 261
36 37
121 296
256 270
246 298
7 47
21 210
254 286
44 119
103 125
14 193
190 290
71 117
6 29
39 174
4 217
122 290
102 263
1 5
56 263
84 179
151 265
233 245
84 106
90 127
166 170
76 128
1 250
4 49
59 191
215 224
157 168
257 272
114 197
200 295
90 185
31 70
17 300
49 56
219 272
54 154
159 295
31 211
189 300
225 233
127 150
202 254
79 256
251 263
73 198
152 201
244 251
285 286
63 92
260 279
80 291
50 239
106 115
99 208
93 229
166 224
164 292
71 194
26 104
47 110
200 282
107 217
25 240
80 89
156 171
41 224
9 73
33 36
170 279
15 51
112 122
56 151
35 181
208 267
150 246
211 271
100 221
184 274
56 274
106 188
244 276
2 83
30 276
105 233
203 211
40 187
58 152
76 156
148 205
130 205
83 120
41 223
101 136
114 202
23 112
167 173
109 273
113 171
144 255
150 159
157 292
40 268
163 168
145 175
59 66
131 254
61 174
94 257
287 296
223 235
25 108
62 97
112 149
77 273
38 237
163 224
5 144
218 266
146 195
88 139
40 214
60 128
27 145
119 165
14 144
98 216
248 275
108 171
244 277
17 94
70 182
227 254
122 158
82 99
182 254
86 286
8 259
107 241
17 40
194 275
84 131
203 204
259 270
189 292
127 192
149 170
29 70
206 238
37 46
152 237
116 191
162 290
102 236
78 171
88 208
110 202
31 131
177 199
171 268
9 50
13 288
94 134
140 187
74 131
138 145
54 180
9 102
95 283
56 204
115 267
152 164
168 226
65 144
133 230
52 281
106 292
68 245
51 192
21 250
196 208
217 294
158 263
128 129
75 148
178 300
13 136
225 258
188 289
196 235
200 241
134 297
49 169
212 281
55 195
103 172
94 125
171 276
73 260
198 296
26 176
25 121
93 234
183 264
167 253
86 92
154 168
114 203
25 160
33 142
76 210
49 238
60 296
83 251
224 253
46 232
17 241
17 37
71 288
33 150
125 150
155 187
76 247
115 276
136 254
63 272
62 234
108 293
188 233
38 225
88 128
79 272
27 178
30 215
125 204
81 120
5 234
16 267
33 134
163 249
11 109
52 252
49 146
207 265
251 298
120 189
103 237
53 270
136 153
55 235
163 269
241 260
23 201
53 61
33 140
31 142
32 70
14 103
226 249
59 130
82 164
74 83
51 108
153 245
61 296
94 252
88 193
12 107
11 183
1 133
36 247
86 174
75 288
215 241
148 282
208 217
85 187
6 289
231 245
181 274
203 230
104 287
137 160
64 81
135 163
153 236
177 242
79 259
2 19
20 131
87 184
35 142
152 167
151 257
132 263
159 285
209 231
234 277
23 260
33 63
11 299
20 210
34 82
97 137
172 202
156 276
31 111
72 291
27 132
138 220
29 260
134 292
8 269
20 255
184 225
7 80
42 138
39 176
21 65
115 275
174 293
48 80
136 139
281 293
207 264
123 292
83 127
64 148
238 296
118 215
123 240
47 149
192 295
73 107
43 108
52 76
114 227
84 291
72 156
175 262
64 203
38 268
33 280
93 289
104 120
18 32
124 260
148 207
166 275
9 222
188 258
27 125
116 174
71 96
197 267
183 239
70 233
186 216
52 171
131 294
95 158
215 277
111 210
62 127
93 178
100 239
1 24
67 205
24 266
48 78
17 44
155 167
108 181
116 140
108 259
32 210
53 239
157 253
89 91
58 127
195 277
241 251
243 258
122 234
22 80
64 90
76 270
32 131
64 77
51 262
78 240
21 89
91 119
29 247
164 191
80 129
188 224
180 224
72 299
260 268
46 148
15 166
116 286
50 281
158 298
51 232
128 237
49 289
165 274
162 165
15 230
81 107
34 261
9 229
2 181
148 250
121 240
169 190
284 298
221 275
24 151
112 203
44 163
130 144
38 88
129 146
19 66
118 195
126 287
89 163
240 276
120 196
64 184
50 75
164 199
165 232
150 266
100 139
54 263
95 167
205 211
182 207
160 275
12 293
214 258
46 65
51 196
44 211
48 158
104 185
41 109
6 165
128 170
70 271
104 240
137 177
151 186
102 121
206 263
10 31
186 282
103 197
242 249
64 293
73 149
141 219
44 47
70 147
47 49
96 255
16 183
274 295
38 105
177 229
275 287
237 272
56 288
10 142
128 206
174 216
1 193
77 117
116 130
119 300
3 45
66 89
95 211
83 267
93 176
128 164
119 151
195 271
74 209
31 68
204 206
201 263
137 187
110 234
139 274
173 285
89 254
266 293
28 281
23 247
143 213
120 250
86 279
164 226
91 297
236 290
15 77
187 277
81 109
18 217
91 142
18 157
12 42
42 289
199 229
73 111
284 286
130 131
144 259
88 230
227 250
10 252
272 295
62 290
18 200
58 138
49 141
42 73
149 200
70 135
238 292
58 187
54 226
87 234
130 289
49 139
28 97
231 297
116 179
152 257
43 148
28 145
120 158
99 231
14 63
169 193
48 134
29 101
64 159
189 288
18 115
29 157
239 280
171 282
25 90
63 277
144 192
40 52
95 173
243 295
128 227
8 233
146 245
55 110
133 136
32 65
11 219
118 145
2 225
87 206
120 227
46 121
9 106
16 252
65 173
249 273
204 216
150 282
143 147
181 266
270 295
198 259
34 286
174 189
189 266
22 222
116 285
199 264
107 137
250 271
86 159
44 63
160 290
53 110
178 228
193 244
154 279
130 295
211 297
124 189
193 199
91 240
101 128
17 26
16 261
2 297
75 104
138 143
26 106
70 191
194 230
27 89
75 299
177 239
154 293
210 292
204 295
189 275
62 145
51 194
24 263
8 157
286 298
263 270
115 265
151 219
101 264
271 296
139 288
41 57
253 274
91 243
56 66
131 167
116 192
224 278
183 247
11 248
4 95
122 295
164 179
282 290
281 294
204 240
203 293
93 188
163 235
97 262
172 252
145 215
95 105
83 165
155 200
23 62
61 92
158 188
11 231
39 98
28 250
164 217
144 183
78 292
110 275
18 215
167 236
255 288
161 246
151 254
44 198
27 113
134 253
13 29
114 157
18 39
156 269
18 153
7 124
149 178
113 281
145 261
162 197
56 165
148 203
24 264
80 131
95 220
28 242
30 50
199 275
152 199
147 240
101 267
78 243
42 187
45 281
195 221
239 277
48 271
106 275
102 135
283 296
24 201
213 268
239 299
52 93
65 115
52 206
177 297
213 291
130 166
35 37
134 215
8 19
212 236
110 256
62 256
55 247
176 187
232 251
28 35
79 108
35 116
101 289
192 230
97 203
30 282
53 246
1 105
99 154
19 128
51 85
52 113
152 242
41 285
132 295
68 183
112 272
137 221
173 240
84 108
194 196
4 27
63 88
87 178
225 298
186 249
112 247
224 276
19 148
65 202
122 164
110 297
40 132
243 246
115 131
11 297
14 106
201 233
225 237
40 114
51 135
36 43
107 201
23 212
98 295
45 271
134 235
27 100
280 296
8 295
161 281
91 153
32 267
147 276
21 123
212 245
157 268
134 161
89 175
41 128
28 147
163 265
26 173
120 253
121 265
188 250
280 287
11 261
26 112
37 242
139 213
108 221
182 258
9 41
218 279
128 200
201 239
142 230
93 170
173 220
93 251
169 182
45 169
147 177
137 176
115 225
228 244
215 216
215 234
162 288
247 282
99 235
216 243
108 149
76 107
4 43
121 281
71 114
10 260
161 224
223 278
46 168
117 124
13 117
15 248
81 91
249 269
28 146
152 255
163 242
101 135
232 242
110 269
278 289
18 41
33 62
138 245
93 184
54 116
122 291
132 284
87 138
198 226
14 252
69 240
31 219
259 275
160 204
32 169
21 48
152 253
161 261
168 265
105 298
57 88
127 130
57 194
170 216
131 262
90 113
200 235
106 124
136 231
204 218
177 230
233 254
212 238
174 209
84 215
75 93
208 231
118 202
76 281
134 266
174 212
2 189
192 209
48 252
76 262
3 63
60 149
234 241
68 128
134 228
21 151
177 205
95 269
148 196
80 159
80 239
69 175
96 100
156 182
153 201
88 151
123 296
49 253
101 106
39 274
70 176
113 212
117 123
158 214
42 94
33 177
170 248
48 84
182 236
105 174
55 87
128 238
132 207
28 138
96 274
80 88
80 293
208 252
211 226
141 232
210 246
117 263
171 299
192 293
60 110
128 183
95 168
21 175
48 97
137 232
204 224
14 54
34 44
59 203
157 269
99 264
145 148
177 237
91 107
108 241
163 285
113 218
117 242
15 41
81 291
151 300
130 244
117 261
182 297
5 19
221 263
56 161
98 120
29 279
46 190
145 250
142 193
169 226
22 186
20 291
31 122
51 270
228 283
116 148
159 226
76 179
33 190
7 58
149 173
218 262
119 299
193 224
38 281
179 224
53 178
115 194
128 192
62 115
64 242
41 90
164 289
11 189
187 195
61 273
57 198
53 125
39 53
99 104
85 292
100 146
169 228
224 263
13 32
134 273
38 72
91 228
95 289
116 274
168 275
34 55
106 274
35 97
81 261
208 218
240 263
47 298
82 201
149 275
16 146
178 248
156 215
58 267
27 174
188 282
123 193
71 206
14 180
7 61
34 173
100 243
228 234
235 281
136 211
13 113
238 294
144 240
1 174
110 148
187 223
104 196
182 211
63 183
61 291
54 99
293 298
138 155
155 237
145 213
16 41
139 278
91 144
219 293
21 293
198 243
44 230
58 145
257 267
29 196
208 235
164 293
43 145
32 105
12 100
9 87
34 129
21 22
52 193
93 173
128 182
130 245
98 290
32 290
44 167
237 240
121 293
197 273
13 185
51 94
15 256
57 183
142 263
27 192
114 274
53 284
8 173
56 211
230 285
213 240
37 258
216 240
281 297
79 142
2 52
37 97
88 121
59 108
45 190
40 118
7 84
130 155
72 253
109 137
108 138
46 297
40 146
155 252
239 252
6 200
125 198
36 119
188 193
73 133
124 256
111 247
145 207
186 288
130 143
28 165
105 276
67 84
32 239
119 221
194 295
53 261
142 201
276 279
94 169
181 283
71 256
49 252
33 282
69 88
245 290
65 208
114 297
93 126
176 214
182 277
61 143
194 246
12 269
59 196
1 238
49 118
107 151
88 216
125 186
62 199
22 205
109 277
89 241
17 84
246 285
197 285
31 287
25 122
215 282
237 241
13 107
109 141
252 264
3 216
39 223
81 260
67 206
195 213
11 162
54 171
120 121
190 259
76 129
67 100
113 209
13 252
168 237
124 216
20 59
61 121
161 200
129 238
164 180
106 248
74 117
60 213
102 282
25 243
71 173
227 265
140 173
64 79
186 246
56 179
240 278
38 57
156 214
15 96
80 202
125 253
12 142
254 283
11 215
46 268
223 232
58 107
162 177
22 149
105 158
151 164
56 222
8 247
142 207
172 228
69 115
16 215
18 98
141 168
93 164
158 187
72 265
43 77
246 289
11 75
238 246
76 161
177 281
167 168
274 279
38 41
37 228
264 278
208 241
249 258
30 235
294 300
50 156
227 240
160 292
140 249
14 202
8 228
71 128
163 210
41 298
46 196
49 159
155 274
82 208
282 299
28 243
42 57
153 271
85 289
19 30
86 175
274 280
158 249
79 186
71 119
44 110
166 221
49 60
161 267
16 171
128 287
267 285
260 280
95 273
69 221
62 219
178 249
20 211
188 216
59 133
57 72
30 43
263 275
27 195
103 133
104 162
207 219
32 53
122 138
28 258
213 281
146 232
202 211
15 243
107 121
124 239
34 79
164 231
269 289
45 232
169 229
157 226
149 286
67 297
129 160
209 280
78 103
31 265
161 277
104 293
132 266
269 277
66 173
50 84
91 276
39 251
90 131
118 208
180 214
185 273
2 155
92 106
159 160
14 182
193 211
121 243
191 256
63 70
24 262
39 85
126 165
67 271
109 232
151 198
85 103
71 229
48 109
20 84
112 271
41 230
102 300
138 144
143 257
3 139
108 281
16 117
113 291
1 257
195 257
28 267
148 264
128 247
51 215
55 60
6 46
3 172
149 215
180 188
90 300
46 224
119 134
110 214
72 103
71 177
152 232
140 164
86 122
49 266
88 295
115 298
255 298
3 236
221 222
84 243
242 246
68 137
122 177
104 261
44 151
79 83
160 282
36 73
47 78
60 288
73 155
9 136
96 108
34 102
93 247
46 165
30 106
83 100
123 216
168 180
189 287
15 259
9 163
109 268
24 253
27 264
82 299
25 212
103 276
51 187
113 147
214 229
6 56
79 111
49 172
129 213
94 104
105 111
57 130
73 188
133 198
66 214
13 144
29 52
44 54
222 270
199 299
35 136
22 142
179 269
76 298
109 215
96 256
49 120
2 280
217 235
276 288
136 257
162 264
112 145
107 278
20 128
18 146
35 293
116 159
36 288
165 213
27 273
155 158
68 279
82 185
229 246
40 130
110 145
220 260
13 22
54 83
91 125
129 271
221 262
11 14
242 277
84 289
105 195
69 77
91 189
116 248
58 297
150 253
180 192
161 273
125 214
269 296
115 134
49 204
190 228
43 182
262 282
20 152
143 288
151 182
53 237
133 233
225 240
84 265
6 32
104 253
82 131
168 269
226 261
130 227
77 235
18 275
39 50
25 72
25 31
221 267
20 141
99 105
5 83
11 156
43 259
123 152
114 294
106 195
19 246
152 266
39 179
28 211
204 208
40 207
100 222
2 168
147 188
17 187
194 296
58 259
54 61
65 95
86 245
89 288
236 274
204 299
66 156
75 239
109 299
96 259
131 239
150 213
100 204
92 177
9 272
138 201
47 244
106 273
131 141
22 194
66 116
192 201
2 282
142 248
83 128
69 226
67 234
147 269
202 253
92 111
26 204
9 81
77 269
92 101
134 218
32 103
182 204
166 253
146 218
2 118
157 219
152 197
43 45
241 286
88 103
82 122
211 231
263 265
118 256
184 220
28 225
54 213
53 300
221 299
183 197
228 229
137 268
208 280
56 96
153 205
119 278
87 247
50 260
205 293
4 162
179 253
162 208
37 82
67 278
13 242
115 296
85 232
22 215
141 142
80 97
48 247
30 220
7 11
199 251
72 215
123 212
62 233
185 259
59 204
86 235
150 260
250 299
166 249
145 169
90 125
240 258
43 109
166 184
150 244
49 81
94 143
26 89
62 284
190 194
32 251
62 207
21 273
229 242
125 190
152 156
5 78
111 224
236 254
44 277
27 64
222 223
110 292
15 260
164 176
157 262
227 234
17 36
48 166
10 177
49 66
62 206
91 157
39 188
28 248
41 115
21 239
168 293
149 218
64 196
54 185
123 267
45 57
43 107
4 212
1 36
27 202
187 201
132 251
159 202
145 200
191 271
35 100
110 229
1 31
216 266
18 213
135 280
115 204
170 285
81 264
53 210
222 237
200 274
160 255
24 206
180 264
189 200
132 270
133 221
181 246
60 243
174 233
80 152
130 202
89 146
6 133
100 267
1 18
123 174
16 253
159 259
92 257
139 242
94 219
8 111
180 272
129 227
72 91
8 209
72 262
217 283
14 270
185 260
42 137
78 83
153 258
137 202
215 231
52 187
180 196
112 211
56 185
97 256
46 55
1 188
55 274
87 275
101 277
51 68
125 223
32 136
1 183
65 207
37 184
163 194
138 151
26 86
72 157
70 198
19 113
260 270
68 149
2 265
8 254
4 290
219 235
182 206
14 157
23 243
75 245
109 295
109 206
101 149
2 31
127 285
177 273
166 269
69 212
30 190
98 204
36 94
78 193
201 237
36 233
115 158
138 248
198 229
246 249
105 167
100 191
124 155
81 165
89 258
94 246
93 240
24 95
267 278
60 271
263 296
167 224
221 287
18 37
178 190
17 146
274 297
62 300
3 208
118 248
165 262
159 184
59 166
95 98
24 90
112 225
99 239
280 300
50 145
17 136
171 254
162 239
163 217
52 77
86 231
166 237
24 159
33 194
160 244
21 53
30 115
125 265
108 261
224 274
5 101
114 213
39 129
155 178
22 114
31 81
23 251
64 277
173 272
6 84
94 235
179 225
35 93
71 79
5 67
155 196
57 288
16 105
75 136
45 213
70 78
104 146
31 148
147 201
87 297
136 194
172 196
105 286
104 141
61 186
210 282
107 125
105 143
89 188
194 202
68 113
90 160
135 181
82 154
15 50
24 249
201 213
91 129
9 137
119 217
220 262
47 92
177 255
245 247
71 296
6 119
181 255
91 221
47 55
93 169
98 150
61 255
220 293
140 254
58 239
27 39
212 249
17 174
29 63
249 257
30 272
113 296
146 200
276 284
127 178
140 239
172 270
92 208
199 222
139 285
1 81
97 185
101 234
52 119
106 186
4 272
71 97
31 56
60 147
61 72
21 193
9 273
60 163
169 244
42 211
84 299
34 244
35 114
91 252
101 288
75 221
254 288
184 251
109 130
70 188
11 151
143 163
9 157
177 285
5 68
146 194
22 191
37 298
63 239
75 200
153 291
35 144
35 190
66 268
84 158
72 107
166 178
31 113
169 186
25 62
113 197
107 199
87 131
88 126
53 199
223 267
202 226
173 185
57 144
11 273
22 103
76 246
144 167
126 152
165 201
75 76
132 289
44 93
247 288
97 193
60 127
4 34
167 214
53 215
16 31
127 298
114 143
18 159
17 29
27 106
52 251
6 149
67 75
18 65
26 197
58 268
26 136
43 99
83 266
32 221
59 277
44 183
113 150
95 240
220 299
230 284
39 88
23 203
91 167
162 257
49 142
76 225
272 291
29 239
151 199
163 298
184 234
74 100
83 249
52 169
183 237
283 289
66 149
196 263
104 188
106 179
239 290
25 59
3 136
4 229
107 130
48 172
106 140
53 158
39 61
167 234
92 124
59 231
32 281
32 142
247 271
142 212
166 255
121 285
186 195
2 12
132 248
22 40
179 238
81 273
174 185
35 234
119 148
72 290
93 105
16 242
53 83
35 246
248 288
119 226
33 154
13 216
286 299
24 106
117 172
7 161
130 254
85 164
205 243
27 194
105 202
97 234
74 90
40 196
18 56
203 229
93 180
87 95
102 136
205 206
257 264
99 296
118 146
118 241
102 231
145 180
169 258
6 218
33 231
79 167
24 167
146 188
91 206
103 297
25 137
50 55
235 286
173 184
264 281
205 224
82 103
159 193
261 299
231 296
95 199
6 230
31 55
45 56
27 35
72 245
135 296
168 294
9 158
223 244
158 193
138 161
137 273
27 172
30 201
64 279
119 159
65 174
134 288
97 222
104 147
19 153
120 274
201 259
85 100
19 88
35 99
108 174
38 206
23 220
83 224
16 286
29 152
51 105
214 238
73 289
13 137
90 172
50 96
16 277
48 265
86 115
64 176
94 242
122 247
136 144
269 281
193 227
21 178
217 262
24 158
9 291
124 223
195 197
97 225
46 273
7 246
110 262
98 186
163 283
22 182
231 284
37 244
74 98
56 98
241 254
43 284
64 205
17 175
122 190
50 104
43 270
57 291
55 145
76 239
164 200
5 253
269 288
70 130
68 142
41 243
95 290
158 209
185 199
20 120
169 283
30 65
68 171
202 214
33 111
142 183
58 94
253 284
149 279
86 226
43 88
250 282
274 291
94 213
178 221
18 79
142 278
152 229
70 274
201 217
139 247
71 237
98 293
236 242
193 250
184 261
267 287
12 32
68 103
113 241
261 297
39 248
46 259
223 233
219 297
98 112
88 229
185 221
131 207
10 83
94 111
115 176
144 213
188 252
241 282
57 238
46 298
25 289
189 298
93 282
250 274
96 292
44 246
143 160
231 251
149 168
95 254
122 265
66 189
23 100
127 252
138 296
109 287
124 149
103 278
56 128
165 192
145 249
180 183
266 292
54 104
79 241
292 300
84 288
57 67
148 251
26 244
173 174
69 278
13 176
23 226
24 48
61 272
251 253
136 246
10 46
238 256
57 96
121 234
193 272
4 56
221 259
61 249
27 188
171 234
264 291
183 236
33 175
39 222
164 261
76 188
97 115
97 205
19 198
171 269
46 206
59 173
11 84
4 284
21 266
1 196
32 46
175 224
60 196
172 209
110 157
87 146
104 247
123 222
75 206
96 131
91 109
53 76
104 232
228 250
56 198
40 297
241 285
31 224
11 17
11 46
221 277
258 290
22 295
143 224
10 32
13 248
12 243
12 131
171 207
19 210
166 215
166 292
14 71
21 168
113 210
199 281
207 217
104 300
36 53
172 251
35 56
174 247
172 249
152 169
63 291
23 272
36 113
167 203
87 251
40 184
59 288
194 234
74 226
263 284
143 290
12 252
175 293
144 289
96 242
4 116
53 84
86 99
104 218
3 190
194 299
76 124
53 142
33 224
59 225
64 286
117 231
173 231
129 196
177 274
139 155
69 135
236 239
37 77
73 112
36 103
50 228
77 189
36 292
267 295
32 280
231 272
78 204
30 221
219 224
31 33
218 290
130 209
47 294
119 262
26 251
99 125
51 152
11 89
137 292
28 244
154 252
84 184
26 113
23 61
20 138
113 127
222 290
11 228
107 175
197 283
39 112
108 162
71 85
58 241
68 168
118 177
106 300
48 114
39 167
154 204
117 209
230 298
201 211
30 183
99 254
68 239
82 221
217 291
183 185
124 179
98 220
205 284
124 138
26 177
44 273
228 275
279 299
81 151
237 258
21 283
37 220
45 199
178 247
7 284
130 238
38 180
72 109
22 190
57 162
247 259
66 278
30 98
42 69
158 230
106 295
4 62
15 148
139 260
99 227
146 296
69 128
58 73
51 222
35 117
289 299
90 204
129 178
30 285
43 81
89 174
24 57
84 90
113 278
153 275
184 209
179 195
76 147
124 145
38 266
219 247
6 59
77 167
70 238
235 245
151 287
84 110
133 235
205 275
78 260
106 190
67 286
3 128
31 227
77 256
80 294
1 184
80 196
48 182
168 249
217 272
41 283
20 179
187 272
251 300
28 261
68 162
33 160
105 157
191 240
153 160
40 59
57 109
43 125
255 276
33 117
167 186
152 268
73 144
200 230
139 271
159 238
24 131
99 140
183 191
5 56
37 195
128 148
166 238
61 125
108 276
86 161
59 281
125 160
122 248
192 227
4 192
255 290
149 244
90 142
25 70
129 282
31 288
10 265
88 240
28 213
222 228
136 202
183 184
60 277
24 291
19 64
64 193
151 171
44 74
121 277
29 217
15 194
214 269
132 217
275 282
158 254
20 145
122 249
203 236
15 295
97 177
68 180
106 139
166 298
82 250
92 153
71 153
35 248
24 124
253 269
126 280
79 149
58 61
204 289
159 231
66 294
160 223
47 287
11 216
88 112
158 177
49 240
39 149
72 266
207 249
208 233
112 198
16 109
2 116
205 296
86 300
106 198
53 144
6 80
257 281
84 261
80 223
35 52
82 211
137 236
3 261
194 239
47 206
59 261
53 251
132 282
168 252
34 67
75 210
256 295
15 70
138 217
26 188
28 56
25 269
138 180
2 58
185 228
182 261
80 183
5 179
49 254
150 290
135 235
177 223
64 179
20 148
182 291
156 294
47 258
125 270
58 244
140 280
107 297
208 240
141 269
41 174
56 152
74 179
42 259
107 291
258 273
96 227
24 35
251 266
140 230
103 163
64 209
104 275
22 35
56 202
75 281
192 242
73 178
16 44
186 265
23 173
105 126
26 135
92 291
106 259
14 285
6 154
197 211
79 276
115 214
146 285
39 73
141 245
13 204
117 210
17 178
272 286
112 146
126 153
260 262
81 144
14 38
244 270
15 109
50 153
22 92
184 270
59 271
25 204
89 128
116 202
108 126
202 258
124 167
22 238
4 227
84 167
2 157
23 287
149 163
178 280
163 293
1 76
47 89
65 214
37 87
60 87
89 285
24 144
176 292
17 239
72 86
41 136
107 183
185 286
31 57
20 28
148 262
72 130
13 116
66 255
52 178
32 237
75 169
170 207
29 263
68 247
74 214
200 207
160 276
66 103
22 209
58 288
44 226
35 256
43 300
135 161
24 119
128 171
94 95
30 182
83 160
206 284
71 264
110 126
215 260
129 289
23 276
79 196
252 262
25 82
80 165
5 189
235 296
105 161
18 82
194 283
120 252
133 138
207 280
55 134
30 240
196 295
168 209
55 212
114 144
159 162
113 246
121 151
167 191
108 150
15 263
43 254
11 161
21 227
3 265
79 109
89 132
26 281
97 207
46 267
248 260
5 107
81 153
134 243
74 244
60 237
30 144
135 245
64 97
241 246
101 197
99 225
209 273
120 259
9 142
36 299
50 271
124 211
36 256
195 283
69 207
68 277
86 225
76 172
130 136
164 275
136 290
163 189
175 290
9 44
264 273
80 190
117 193
100 269
108 288
219 250
176 288
33 168
184 289
12 289
26 65
150 166
121 289
110 171
141 178
9 16
116 218
11 187
72 159
160 163
203 288
44 86
82 182
178 226
68 81
137 207
238 242
47 204
31 220
19 235
242 294
41 50
29 72
183 198
30 36
85 204
166 232
30 186
209 263
231 256
170 192
84 126
40 243
113 189
87 190
3 268
130 259
5 233
152 291
140 215
94 259
50 127
103 290
173 246
218 242
159 179
178 210
105 196
172 174
64 89
56 72
37 158
231 280
106 181
164 242
191 217
240 268
13 96
135 243
60 172
109 198
194 195
19 83
75 290
77 146
139 159
82 256
163 251
99 268
20 80
59 298
25 35
53 234
64 94
22 38
71 228
186 223
21 39
125 251
47 296
106 227
128 133
83 236
79 133
146 181
11 238
66 107
175 242
32 179
7 247
49 86
106 268
173 208
74 145
151 188
18 111
29 251
38 183
193 238
168 201
157 230
60 161
54 292
6 124
100 299
108 268
191 292
250 251
52 240
61 227
15 100
70 109
198 223
1 30
116 152
179 188
49 79
78 179
81 154
83 91
192 226
168 202
84 262
90 161
43 65
40 215
38 67
53 64
80 252
166 294
17 219
164 221
8 13
185 257
162 198
205 257
244 273
98 103
123 243
30 257
113 175
181 289
59 197
258 276
256 262
53 104
45 89
34 120
94 261
36 104
110 156
71 176
122 173
79 258
15 265
136 151
68 145
126 172
70 203
3 299
39 44
125 254
236 272
216 254
15 101
42 261
26 266
267 271
165 227
31 292
286 297
104 176
26 64
99 206
189 219
139 259
74 273
4 105
21 213
175 292
215 232
95 119
283 300
81 143
75 188
177 204
35 127
235 298
251 273
32 69
11 291
26 148
127 280
43 247
205 285
120 150
65 187
215 255
113 192
133 202
135 225
145 273
42 161
71 295
112 246
52 272
251 289
7 18
55 297
150 204
210 262
97 169
51 214
125 205
110 140
122 140
91 266
31 99
43 78
63 196
43 281
40 105
44 276
65 212
15 242
130 218
10 261
1 293
77 90
3 76
104 280
128 191
48 184
18 74
38 229
196 260
189 197
8 212
50 87
82 284
104 191
95 111
142 257
26 193
17 137
141 189
215 236
103 119
203 232
2 224
135 227
62 236
76 234
138 157
20 296
12 66
203 281
77 197
153 225
31 254
268 269
135 178
215 223
164 247
13 175
137 244
167 243
156 225
30 174
75 217
128 271
160 297
58 112
76 95
229 250
208 259
10 186
31 300
46 109
261 262
118 266
96 99
44 68
102 111
229 278
34 206
121 237
65 183
79 152
139 153
164 273
161 212
18 209
267 274
59 205
115 118
144 150
81 220
159 233
193 213
54 297
17 55
100 106
107 196
12 152
218 267
16 187
59 237
90 257
14 249
279 292
58 290
191 252
62 118
147 167
44 143
209 281
152 188
58 251
136 214
47 284
106 290
12 260
163 245
148 249
73 110
160 287
6 228
16 255
122 193
32 287
124 241
63 180
47 283
171 262
19 294
49 263
90 247
77 295
3 51
125 292
77 267
42 254
69 156
76 201
26 74
94 264
44 136
209 285
124 197
79 240
227 251
79 257
64 178
19 62
110 215
18 224
247 278
82 83
189 194
139 170
27 61
91 230
207 287
182 271
188 203
33 173
168 242
3 270
139 216
36 225
160 217
113 181
40 232
119 197
156 193
82 110
9 195
151 249
64 227
78 258
273 276
170 194
5 293
29 148
116 214
247 261
125 169
47 107
221 253
14 49
71 192
153 154
120 213
56 264
14 133
14 293
128 198
77 290
135 187
43 75
110 236
74 189
53 191
163 300
113 249
32 300
5 122
180 294
77 196
28 236
80 240
169 223
164 281
15 116
124 142
191 255
150 180
17 265
9 146
116 290
83 159
150 211
17 49
125 224
81 102
56 215
63 258
85 274
215 256
13 49
46 130
251 265
100 173
239 275
78 213
34 89
68 204
86 117
136 158
20 170
50 206
93 261
169 290
267 290
75 199
59 72
222 276
128 294
137 267
13 53
182 275
181 275
71 193
23 231
23 24
68 286
65 99
188 240
268 270
60 142
120 271
51 78
116 261
162 259
156 176
71 91
7 293
22 111
50 125
26 238
112 280
146 216
143 284
6 83
139 189
101 246
135 157
47 123
19 39
4 187
238 293
113 116
11 209
80 208
102 194
21 38
86 153
83 225
118 278
139 241
241 299
93 277
78 153
104 245
226 271
30 146
125 279
137 295
142 158
161 208
95 107
275 277
179 221
158 178
173 264
50 146
195 259
197 284
245 272
5 159
32 111
232 256
76 163
102 192
243 270
144 176
11 251
114 251
46 235
68 126
53 247
88 99
127 193
103 195
206 237
126 247
116 142
128 223
217 257
35 107
6 164
279 280
202 259
108 113
135 196
56 156
91 244
129 215
9 36
10 153
108 132
70 289
232 249
66 272
7 44
40 216
220 292
97 269
149 152
96 244
288 297
4 100
46 85
151 176
220 258
92 238
239 293
48 120
263 298
41 272
8 51
2 291
17 75
4 63
158 253
155 197
6 31
12 79
89 102
137 174
178 201
32 211
261 296
24 172
289 294
21 195
289 298
209 295
78 271
119 179
252 288
104 289
221 250
34 103
19 25
124 204
41 294
106 222
47 136
110 137
74 233
179 284
119 203
145 233
8 110
89 237
225 228
7 110
165 245
32 117
115 262
214 240
238 274
142 236
161 215
45 191
101 154
216 265
33 244
226 228
112 123
82 186
67 222
54 125
47 217
189 273
102 191
76 217
78 238
41 110
100 270
206 291
151 215
147 160
155 185
204 268
220 270
4 89
170 296
145 164
111 204
7 48
279 281
16 279
83 263
172 235
277 295
141 203
39 225
47 170
16 127
67 149
167 204
199 232
190 220
95 219
150 291
25 208
275 295
102 285
168 267
180 228
153 172
72 167
16 287
7 289
53 128
25 120
52 118
153 167
6 53
147 280
233 281
147 246
104 195
53 105
78 225
171 181
192 197
125 146
104 262
58 270
80 281
67 153
19 191
137 179
131 175
83 204
180 244
149 206
112 127
44 210
60 131
29 193
114 159
95 177
97 101
56 217
115 144
5 217
168 296
66 265
183 231
105 230
69 202
40 81
262 284
95 205
108 208
182 287
125 246
163 226
183 190
56 75
118 199
161 291
34 212
177 246
10 238
27 265
15 266
136 253
36 213
2 84
64 170
7 62
226 285
48 140
135 221
22 101
110 296
239 240
17 38
69 138
1 147
3 211
219 260
18 69
206 254
122 221
117 214
86 217
48 137
177 280
11 218
3 30
22 253
1 15
38 116
36 294
209 213
22 189
211 256
63 220
183 243
203 282
68 82
138 209
109 127
93 283
72 108
104 236
89 280
13 225
7 218
84 85
61 155
48 255
163 205
46 221
3 10
96 281
46 225
36 281
79 134
148 189
190 247
6 150
238 284
116 120
67 102
47 273
240 257
208 253
95 271
233 242
117 151
33 265
82 273
135 242
179 248
65 66
210 243
26 221
35 58
18 265
90 243
29 211
102 190
144 165
67 279
230 274
77 191
10 232
133 185
38 174
83 89
73 209
286 288
197 272
115 203
53 69
193 194
69 237
9 189
108 254
41 87
86 216
123 223
282 284
25 41
131 209
203 245
20 153
193 284
169 265
50 218
58 102
78 247
120 139
87 265
119 298
61 208
10 253
108 127
64 160
75 176
47 172
29 161
16 265
119 137
143 178
45 131
212 235
2 229
58 76
133 144
167 298
148 238
78 127
109 142
200 245
109 248
160 195
40 129
220 243
40 229
225 295
163 182
107 185
20 184
200 253
259 280
155 214
141 229
30 171
2 219
236 287
238 297
217 292
96 266
111 240
19 29
20 117
230 236
26 298
184 214
93 215
119 186
204 215
247 291
82 233
144 225
13 202
243 290
134 172
71 137
124 271
84 292
13 33
18 168
156 297
199 230
176 179
179 203
127 281
55 126
59 284
146 274
250 293
140 259
68 196
21 238
32 49
245 300
13 246
178 260
61 62
98 254
175 271
7 176
186 285
140 190
74 119
4 219
130 275
200 272
23 135
256 265
15 83
86 162
61 138
200 212
65 239
2 37
19 147
1 93
150 176
68 71
87 135
3 14
93 208
17 50
47 240
41 183
7 40
175 213
220 288
145 161
63 165
15 149
116 228
53 89
20 27
162 213
139 185
211 215
33 112
111 168
135 276
111 233
53 82
46 207
240 275
109 230
79 243
68 80
19 91
32 203
214 227
297 299
155 255
112 188
41 296
92 164
178 289
104 121
21 114
222 293
103 149
101 255
27 105
32 186
63 206
166 195
54 237
197 205
114 201
236 300
8 32
94 272
8 286
149 278
167 273
57 188
59 223
296 297
221 270
259 285
72 187
161 239
41 282
56 238
8 53
126 229
147 268
131 147
106 276
120 122
160 193
97 268
2 100
159 181
125 238
255 295
162 183
57 148
2 142
219 249
118 124
82 130
101 295
54 196
96 105
63 199
56 175
127 154
46 231
20 88
106 120
126 189
213 238
78 181
133 265
33 248
23 115
227 236
119 276
277 282
73 201
124 285
71 161
5 296
32 104
17 185
107 252
74 196
155 174
103 190
45 267
190 216
142 237
55 271
15 143
43 292
134 182
136 275
89 268
128 259
132 271
29 113
80 195
107 126
137 209
126 295
1 69
33 198
96 219
36 208
249 265
5 145
49 202
246 258
135 140
144 151
48 192
72 214
192 240
152 182
190 256
179 249
208 214
25 145
132 152
69 200
27 173
71 190
207 279
102 254
249 276
50 116
132 213
102 193
4 260
176 211
158 213
162 179
218 289
159 264
44 227
88 267
67 199
110 144
179 206
10 143
109 131
185 208
98 111
234 278
43 184
69 198
223 288
177 288
6 161
75 177
58 66
173 288
67 103
73 296
125 171
48 259
41 280
31 134
127 260
29 98
69 161
4 250
10 178
22 211
45 231
50 200
3 122
5 110
66 247
227 279
124 208
126 228
22 171
101 147
142 232
39 300
225 293
56 129
95 272
82 288
246 270
196 225
143 226
137 201
175 234
51 62
174 211
90 253
66 146
143 242
30 248
20 60
6 76
2 274
36 108
89 264
97 153
122 239
139 258
67 175
21 108
111 211
235 241
175 279
153 282
89 240
164 183
73 300
197 300
200 266
163 216
168 295
61 153
86 91
124 135
146 167
89 127
127 245
58 91
26 36
47 59
131 272
94 150
68 274
176 283
37 38
106 151
198 298
46 170
60 66
1 164
13 36
231 290
202 274
70 90
134 174
248 271
150 286
27 83
111 270
32 293
186 225
56 299
170 281
28 234
40 289
187 282
31 280
3 224
1 256
24 214
13 59
12 74
193 291
102 117
24 194
208 237
23 113
98 279
80 160
55 192
218 292
256 287
65 205
58 150
116 262
192 216
80 120
137 256
163 206
118 137
28 288
121 144
143 234
65 86
43 271
76 106
134 227
77 255
243 249
236 282
117 201
97 215
60 265
138 214
104 150
114 242
140 169
50 238
10 158
108 296
191 243
24 227
44 150
93 98
55 102
147 194
92 289
47 153
71 172
202 245
201 269
203 218
262 276
2 278
111 293
79 281
117 174
167 200
13 149
210 215
202 219
77 251
99 205
13 148
227 257
49 166
270 283
40 226
12 33
180 250
16 226
24 134
59 260
65 123
6 36
1 228
3 238
25 109
74 284
203 284
133 285
80 91
193 203
127 216
134 225
224 266
214 225
18 67
149 255
104 215
147 241
68 79
107 260
66 206
8 186
10 228
46 295
185 205
105 207
39 49
29 56
34 163
178 205
67 94
43 189
1 48
18 291
85 288
7 79
85 174
90 107
114 145
40 156
3 202
183 285
8 181
88 169
87 173
10 94
90 259
83 126
54 214
195 206
159 247
273 282
44 196
205 222
160 265
84 277
227 284
39 72
76 211
1 110
18 147
98 232
28 173
198 258
28 274
68 95
206 279
41 267
15 275
101 113
7 254
109 189
148 184
285 294
91 99
85 94
27 209
17 269
33 73
185 268
23 141
116 141
233 262
170 244
208 274
54 294
82 108
56 65
90 214
27 163
173 281
8 148
4 198
14 247
45 104
196 252
18 121
81 286
213 293
78 214
108 206
8 126
5 108
108 160
22 124
73 280
8 30
117 168
189 220
281 284
122 139
83 192
49 297
137 142
237 249
69 256
54 163
106 224
221 251
74 197
217 290
209 271
44 95
235 248
172 263
203 255
103 170
60 236
138 210
26 154
170 268
87 109
33 57
168 225
102 280
117 212
105 218
167 226
153 213
141 279
111 159
165 210
60 180
52 66
197 222
170 181
58 191
114 176
22 276
191 282
98 212
110 128
40 202
61 86
239 253
40 197
76 266
23 238
9 99
13 68
16 175
117 221
258 286
4 24
84 232
184 199
3 196
26 31
84 234
230 248
95 280
116 165
85 186
263 285
7 242
62 197
117 215
109 149
71 300
155 177
173 206
75 143
48 236
152 298
31 139
21 146
122 145
148 225
180 189
120 144
135 207
28 59
187 189
60 261
145 188
60 80
230 286
34 290
66 211
77 162
273 286
42 181
255 297
121 200
221 227
53 240
132 195
97 278
29 96
91 151
157 272
231 299
89 158
51 208
38 149
12 67
80 143
138 279
127 208
29 270
16 246
27 255
51 179
36 211
265 297
55 191
77 245
145 173
12 24
22 102
30 188
220 225
202 290
193 263
99 226
95 113
12 48
67 160
64 191
56 67
38 179
39 187
98 101
26 268
110 223
101 117
81 127
110 217
7 27
226 237
141 166
200 234
216 300
215 217
149 155
43 150
90 296
25 270
128 180
8 106
198 286
23 204
48 284
164 267
144 296
57 143
39 66
79 105
5 213
33 40
97 189
102 197
6 35
134 139
193 253
144 153
12 14
61 184
45 66
62 292
192 273
113 252
184 237
112 135
154 161
105 296
123 230
87 196
43 44
108 280
272 273
88 192
50 291
16 298
27 170
74 218
103 154
108 200
64 85
108 179
12 177
200 244
69 104
124 178
228 266
98 173
8 130
69 170
167 180
270 290
78 121
139 261
26 53
97 127
22 110
18 242
99 257
154 268
9 105
39 116
160 162
186 196
140 166
128 284
28 116
48 198
63 202
233 293
205 282
34 101
241 257
26 69
83 277
151 200
76 198
129 162
115 280
119 222
125 288
4 10
49 193
99 130
197 228
4 196
19 231
28 98
76 96
6 252
77 113
210 291
40 265
136 186
23 255
58 113
64 287
152 173
62 288
73 203
10 211
217 295
4 221
105 225
147 270
143 161
117 192
253 299
26 30
111 230
3 273
173 287
81 95
23 52
17 242
118 284
107 259
56 109
79 267
23 172
228 292
76 146
222 256
126 270
145 186
81 219
200 267
73 154
51 88
208 276
33 123
20 31
4 109
6 225
162 169
12 228
30 161
157 183
17 190
10 244
67 131
62 237
72 293
41 241
62 213
27 142
39 220
70 177
160 167
109 191
70 195
257 299
238 282
109 216
88 294
36 118
203 291
132 288
130 183
171 189
117 146
29 99
36 271
35 82
47 126
131 150
95 212
92 236
74 112
251 299
76 143
65 83
116 167
214 291
260 298
5 23
10 204
249 277
179 245
50 70
94 190
18 211
5 300
26 43
172 188
27 36
190 218
29 155
154 176
25 33
258 269
115 181
146 275
15 145
39 212
100 275
70 115
202 280
22 44
5 94
31 291
143 251
39 81
62 125
202 286
13 28
65 270
199 226
16 99
103 212
33 182
81 212
58 275
65 178
106 149
180 298
142 296
56 130
72 110
34 188
135 270
110 114
22 96
265 278
71 281
85 256
133 287
53 269
127 153
172 258
138 251
27 63
208 255
84 144
111 198
157 255
43 71
19 75
41 277
157 163
44 201
171 233
2 138
89 152
138 211
73 151
134 185
129 151
27 67
41 213
133 145
134 181
225 289
156 192
19 20
79 138
57 262
71 159
69 258
54 60
1 251
66 260
170 232
98 146
41 206
26 283
26 187
123 207
176 216
118 134
157 234
191 268
32 86
75 207
94 202
100 211
161 287
148 279
28 31
3 54
109 229
195 282
56 174
28 168
151 210
78 96
146 175
193 222
4 267
155 186
201 268
270 291
3 31
144 168
232 235
54 300
34 48
229 264
27 134
76 140
34 80
58 160
9 12
77 133
206 296
20 53
226 255
196 215
252 277
76 168
103 247
90 261
64 182
291 292
3 22
150 216
66 79
115 284
21 140
97 110
197 269
114 151
22 237
26 294
57 64
42 188
57 170
101 119
79 220
61 67
105 293
99 276
146 151
128 194
112 185
46 284
63 105
236 257
168 259
22 25
109 241
81 188
35 38
17 95
116 129
82 231
66 161
54 66
67 112
247 269
148 204
107 227
129 236
51 75
2 208
45 245
124 170
240 295
152 200
122 231
171 221
69 265
54 167
83 217
64 71
83 226
120 224
131 287
248 258
52 209
20 270
155 235
155 194
58 136
56 136
147 158
35 64
67 275
27 103
6 277
92 191
122 186
275 300
50 277
3 212
157 237
118 219
40 269
55 77
83 148
100 220
47 109
110 186
53 223
173 242
151 162
183 214
106 116
83 199
152 186
114 261
115 155
95 125
51 158
128 278
185 299
126 181
164 297
23 130
8 270
144 184
109 150
48 116
47 191
114 266
16 125
131 174
196 222
18 288
192 288
37 126
92 296
121 275
75 233
56 140
79 233
28 192
75 289
80 161
108 184
1 44
47 265
111 286
23 67
27 287
124 257
70 207
120 288
5 92
26 118
142 265
7 187
42 68
225 279
17 237
51 221
56 150
138 162
65 186
19 186
80 206
116 263
66 235
16 86
195 212
58 129
50 169
91 224
281 287
222 231
15 228
63 250
296 299
37 237
116 206
190 248
17 142
74 253
19 263
44 271
19 42
23 241
11 203
102 131
81 221
33 161
124 188
66 101
13 146
87 129
39 84
68 288
109 226
26 203
197 212
137 164
210 277
128 246
104 271
204 219
10 191
200 250
15 261
138 212
69 284
90 174
78 149
71 224
150 281
150 275
69 195
203 221
115 257
18 68
33 121
35 113
1 190
48 195
8 149
18 129
135 138
3 226
112 130
16 268
4 161
182 228
77 174
106 228
44 234
9 186
95 178
189 233
109 283
182 257
76 279
73 83
22 175
136 179
289 290
113 152
8 246
103 201
163 232
137 220
33 166
191 218
172 254
89 276
225 288
130 169
4 255
2 11
110 168
34 148
136 270
85 97
112 129
91 112
113 213
42 300
123 157
56 63
135 284
63 127
137 293
159 260
112 293
16 52
206 227
17 24
205 219
241 265
77 82
11 292
147 289
98 241
107 189
96 241
47 192
71 135
24 70
53 275
146 149
114 271
168 243
44 115
41 54
222 236
132 277
34 266
115 228
219 223
100 195
148 239
6 227
142 271
12 246
89 180
47 102
7 112
55 62
9 263
52 130
229 279
176 212
24 27
13 194
48 171
149 227
158 244
70 273
62 232
99 134
219 274
33 126
76 131
154 202
122 188
249 279
56 282
76 142
4 122
178 188
114 276
64 133
54 144
206 220
53 109
169 198
50 106
68 124
47 62
26 107
112 169
177 248
55 140
33 200
96 267
75 213
141 285
257 263
4 261
4 292
17 117
240 265
106 205
85 220
180 252
222 242
117 153
30 85
203 253
255 257
12 201
10 273
166 233
178 254
57 92
30 249
152 264
86 210
118 155
176 263
171 203
120 293
29 271
31 207
123 220
214 222
133 300
16 68
35 120
22 235
74 210
34 298
27 119
200 288
149 254
119 171
8 23
130 171
188 263
179 233
148 154
33 41
113 155
144 229
139 265
22 167
157 194
68 192
24 29
30 131
65 182
29 41
267 273
191 215
155 204
21 279
71 262
49 249
295 297
68 296
84 238
5 158
46 289
56 280
290 299
166 278
12 21
20 104
81 135
136 195
86 186
37 116
96 175
7 68
98 257
23 85
117 275
66 212
16 169
13 169
90 251
24 138
167 284
2 164
82 105
8 207
52 126
126 217
163 264
34 171
46 175
102 240
110 261
50 191
6 232
74 140
32 222
150 229
240 274
199 258
140 290
130 186
75 173
21 237
51 63
46 114
94 151
60 64
219 264
279 283
87 227
218 269
13 220
160 226
123 208
144 163
4 8
153 158
104 118
146 172
33 188
87 274
153 280
201 294
142 218
220 257
191 244
86 191
102 242
19 131
4 214
62 287
233 282
39 65
38 299
38 170
244 285
244 245
23 236
76 288
104 295
20 260
97 136
61 79
89 148
68 267
53 244
90 268
85 160
27 231
53 164
32 232
63 159
96 104
71 133
240 287
43 287
140 179
1 142
46 115
75 251
101 245
81 197
151 259
61 209
136 215
160 194
205 292
142 144
142 252
88 218
108 244
100 203
10 84
172 226
240 286
155 215
223 268
93 192
67 113
43 295
149 288
255 266
1 265
122 264
51 159
68 87
24 130
30 129
105 261
123 229
65 137
115 132
72 285
100 254
147 161
253 268
8 72
133 184
137 194
151 178
33 299
20 217
89 106
182 300
138 294
46 255
34 263
3 84
239 246
58 185
139 174
114 171
171 183
118 210
72 126
128 152
28 32
148 194
18 78
252 291
230 290
202 222
121 155
242 289
46 174
27 176
69 252
98 240
59 224
30 110
75 212
112 199
38 280
75 222
156 262
23 45
124 252
90 145
15 115
131 189
63 120
39 210
275 297
50 113
94 112
49 119
120 134
68 278
24 183
27 266
41 98
79 291
81 235
126 210
111 218
10 13
17 61
3 153
157 250
11 269
83 223
71 212
50 247
19 286
42 60
20 226
210 279
54 56
181 247
80 290
236 240
197 210
26 96
192 245
53 166
3 225
170 230
244 291
182 289
182 288
56 112
90 164
68 141
207 254
48 88
13 42
65 76
77 294
101 294
201 298
66 202
26 205
229 285
118 148
117 289
26 158
80 127
38 195
219 289
105 216
4 73
61 219
144 280
53 201
3 206
62 63
84 174
67 190
198 230
47 64
159 254
37 96
113 148
21 271
58 243
19 117
59 246
160 260
48 220
95 151
6 9
48 232
90 191
27 74
31 210
31 247
78 81
79 156
46 236
23 41
192 241
96 188
88 174
235 259
149 212
10 277
179 226
1 33
9 242
97 145
47 216
176 261
117 235
109 193
70 268
82 214
15 162
3 154
7 283
46 299
101 150
223 248
233 259
120 226
78 151
85 99
211 269
103 150
85 178
28 174
234 290
25 224
158 252
14 156
68 127
73 125
62 66
170 184
95 170
81 178
242 271
108 151
227 249
125 184
77 243
23 237
195 219
223 276
74 212
91 188
53 220
67 240
21 156
185 258
1 52
16 259
36 49
204 217
227 271
75 123
149 205
187 248
71 138
29 153
123 128
84 236
245 250
76 229
217 256
225 280
13 110
116 162
22 299
10 231
10 106
52 129
23 216
117 260
92 125
30 189
89 296
91 130
66 296
61 205
137 148
1 136
43 51
29 91
76 123
29 223
69 178
16 100
135 222
46 149
119 150
86 299
266 297
12 140
145 266
1 25
142 253
15 201
69 136
20 133
83 285
61 181
123 274
4 178
170 236
9 172
65 82
9 128
215 238
95 248
185 239
37 65
79 278
73 239
98 256
6 184
10 213
110 295
121 282
24 205
146 211
77 202
146 286
276 292
72 105
193 282
112 242
187 232
217 280
132 189
64 190
104 298
33 201
64 275
138 168
15 277
68 73
262 265
41 255
210 260
70 172
145 259
66 297
116 268
50 237
58 196
79 157
114 210
33 115
139 230
54 181
95 183
124 297
110 182
9 231
16 195
150 271
33 78
102 174
165 176
70 250
142 227
104 172
84 88
38 98
257 283
193 229
89 293
215 219
61 262
71 129
36 223
24 198
3 193
45 163
228 235
48 173
132 278
62 136
150 201
25 180
123 257
206 248
45 242
45 79
13 291
125 192
243 275
275 290
75 268
77 97
8 185
42 201
87 273
2 262
203 262
214 245
102 250
36 111
172 243
80 178
61 161
23 25
125 250
33 292
3 34
42 72
129 211
258 295
86 189
111 245
97 195
1 249
67 232
137 184
7 250
139 168
41 254
36 273
261 286
100 229
20 134
169 217
102 108
158 198
200 294
170 263
93 290
219 298
89 283
50 285
148 160
142 169
202 271
136 260
89 299
159 235
67 169
82 277
133 251
26 284
21 236
156 231
62 226
116 196
186 226
253 278
24 56
170 218
3 207
29 209
63 135
187 250
95 104
36 240
102 247
110 158
23 151
84 86
184 245
226 281
11 85
23 214
187 298
31 161
216 286
26 144
99 266
215 230
34 97
39 113
19 241
188 223
126 147
2 74
52 227
129 286
18 250
9 123
145 276
52 232
45 159
1 99
160 232
82 138
137 282
48 181
171 185
49 78
130 242
128 134
17 154
13 269
115 148
150 245
214 230
73 156
45 249
23 101
200 248
248 250
234 272
137 258
291 293
248 256
46 202
44 275
132 259
31 243
67 214
94 98
70 290
64 78
67 218
193 204
119 284
10 47
72 111
73 197
177 231
39 162
43 275
235 239
25 83
233 295
214 296
52 280
147 255
72 195
33 58
114 128
42 196
115 167
130 175
94 115
81 274
100 227
14 123
204 288
118 149
150 193
62 181
1 282
194 226
111 121
244 284
10 176
43 222
68 193
194 277
55 190
60 158
114 130
177 213
51 157
43 296
38 70
46 120
105 284
38 267
49 258
69 194
127 299
27 261
92 144
19 261
46 124
72 295
100 250
286 293
135 180
199 200
109 209
131 293
159 250
85 129
7 220
232 296
15 198
163 193
173 267
168 178
22 183
30 193
36 179
3 85
28 279
14 81
3 241
3 143
250 263
201 266
49 228
104 291
4 211
96 207
83 211
125 252
93 106
143 214
21 81
53 272
218 287
149 263
171 198
72 186
86 131
147 164
17 28
89 227
208 234
186 213
278 295
23 116
221 247
123 219
42 123
146 289
182 233
59 291
23 33
38 126
75 249
84 219
35 265
174 196
62 272
38 254
122 195
108 191
81 163
12 150
112 294
30 176
84 189
201 289
126 292
13 63
91 173
118 179
204 265
108 192
82 175
156 229
3 223
294 297
11 170
12 16
92 131
131 133
84 201
166 182
82 133
123 158
189 256
8 236
29 199
141 152
23 64
139 257
16 42
139 223
125 222
48 50
213 278
48 154
128 174
12 270
1 233
150 205
192 268
134 296
142 150
69 257
260 297
109 183
151 166
16 211
21 36
221 254
54 220
138 227
69 111
12 95
48 144
85 180
93 270
51 128
37 222
96 129
205 289
82 168
157 178
179 193
23 96
50 101
41 225
123 180
89 169
7 208
8 245
89 224
119 273
47 211
272 290
86 184
131 135
9 97
41 100
68 290
97 285
58 242
57 127
29 212
166 226
80 262
252 257
34 94
54 183
108 177
69 196
47 175
5 35
80 164
255 275
33 167
9 225
213 252
196 293
113 235
61 271
36 262
125 274
29 51
42 146
73 81
124 220
23 136
96 120
9 69
108 239
225 255
38 211
207 247
233 286
26 49
28 191
149 270
15 296
234 288
206 246
225 245
37 115
47 169
24 59
291 300
225 300
58 224
23 39
6 95
28 117
198 261
268 282
177 267
35 222
18 285
48 100
3 107
152 190
55 101
125 151
59 239
30 67
55 277
203 266
96 238
95 215
11 185
71 124
140 214
34 51
143 175
154 261
26 108
8 49
66 204
102 243
10 109
107 150
223 242
98 209
121 270
49 197
24 166
122 277
152 205
108 173
66 242
115 231
122 263
149 277
45 87
50 243
120 223
103 235
171 209
4 75
14 287
68 264
87 288
75 131
31 244
203 285
125 280
79 81
107 226
8 143
241 300
101 173
105 251
36 91
181 265
149 290
187 216
61 247
82 112
24 84
55 203
132 199
67 227
24 279
159 253
109 192
34 259
81 257
39 156
40 234
62 224
102 228
78 230
7 226
269 278
35 226
217 236
48 63
140 154
85 281
133 214
109 224
132 181
63 225
51 284
89 261
117 251
174 221
110 131
99 183
222 279
43 265
11 240
35 269
64 220
117 300
38 271
12 37
181 260
194 215
132 221
56 270
35 79
177 259
123 290
69 268
209 259
63 263
126 184
186 261
63 133
134 251
44 48
136 298
263 272
232 273
29 85
81 130
191 226
69 190
196 209
68 130
29 64
210 298
133 199
93 220
8 252
192 276
5 6
41 117
165 169
22 95
26 293
173 279
187 222
98 244
240 298
239 255
204 211
65 297
206 210
104 112
177 260
115 210
26 70
67 170
224 281
96 140
135 142
59 77
89 267
198 217
158 271
34 252
53 114
64 146
84 95
87 223
26 28
9 149
179 279
5 104
87 252
3 82
74 207
18 230
270 273
170 176
43 138
38 282
193 255
44 213
70 145
195 226
55 164
25 63
17 229
250 286
2 182
24 94
66 144
45 289
175 298
18 175
132 156
30 69
105 172
79 248
131 246
108 270
157 170
105 292
8 230
139 158
5 202
42 275
193 219
112 248
57 107
54 149
69 118
261 279
209 291
90 279
127 177
62 151
125 240
177 206
102 259
211 243
12 80
122 275
122 262
86 232
213 244
80 146
140 175
85 297
88 117
137 252
72 289
91 156
20 279
213 282
167 216
144 290
176 229
5 247
101 103
89 202
43 80
91 139
43 112
104 125
144 222
175 253
144 279
88 204
108 267
43 227
89 90
182 191
5 76
283 297
59 126
75 105
32 146
189 221
41 180
221 288
64 245
8 10
178 291
42 141
66 165
30 126
220 255
184 226
9 98
104 163
149 199
191 227
146 153
42 248
208 263
47 267
214 279
103 283
37 233
211 282
71 180
44 59
88 94
84 120
144 287
150 190
121 229
163 214
49 187
68 174
61 152
118 254
61 157
83 205
179 204
160 161
48 263
217 261
90 283
224 286
148 197
10 116
77 182
161 262
175 265
105 214
7 131
126 162
71 205
116 117
94 298
45 142
77 126
61 66
146 154
187 287
70 77
124 261
30 122
210 270
53 297
147 220
7 234
46 183
62 239
130 176
17 285
194 218
109 271
150 295
54 139
34 186
254 289
72 261
74 265
162 230
130 173
118 222
38 248
31 119
111 209
120 137
36 85
181 272
100 218
12 49
14 83
146 160
93 216
19 289
38 199
61 69
105 173
63 243
81 231
63 246
84 245
8 217
295 298
6 281
17 264
45 297
162 270
134 143
150 185
126 137
23 283
25 290
137 249
16 161
6 33
28 293
158 183
86 200
104 260
158 196
83 269
172 197
69 286
115 273
44 281
108 247
46 201
48 128
5 139
65 196
149 262
53 238
11 57
224 237
22 73
104 227
217 274
90 249
138 164
45 140
111 183
15 300
119 182
190 264
139 191
150 186
79 211
60 238
80 144
235 260
262 269
54 244
36 137
126 143
7 57
108 124
10 96
55 167
6 239
16 213
87 228
58 63
18 138
58 225
36 55
13 163
147 258
82 285
103 167
44 295
193 277
38 160
17 96
65 294
66 299
86 242
65 145
72 213
11 270
163 239
16 230
22 294
243 298
170 204
58 141
64 125
72 164
10 269
206 275
34 45
45 270
79 118
177 263
60 208
21 124
88 223
168 174
31 234
63 111
18 256
97 231
10 133
129 253
83 283
97 146
136 225
5 137
9 68
156 268
23 182
53 112
30 32
72 75
17 286
128 176
45 220
124 230
82 283
163 167
82 157
35 189
14 179
7 9
150 219
134 219
7 119
198 284
121 272
3 244
15 292
233 290
56 267
248 252
116 163
72 176
208 284
10 287
37 189
141 181
8 162
115 243
74 234
6 7
42 169
110 179
3 101
4 225
245 285
114 164
34 239
66 125
93 101
104 129
14 250
21 103
80 113
98 251
88 190
159 187
16 83
21 166
106 264
65 128
78 145
169 264
140 256
120 239
134 250
209 257
78 280
57 252
97 142
78 125
60 63
122 256
79 260
142 269
12 165
144 170
61 176
123 129
94 291
263 289
218 296
51 292
28 259
41 69
4 223
159 206
110 117
121 294
29 76
144 297
151 291
4 158
144 262
42 162
106 171
78 256
210 273
126 170
48 251
77 292
18 96
147 235
124 210
17 51
182 234
125 197
69 234
43 251
40 253
258 270
251 252
55 251
73 245
115 120
35 291
31 232
45 175
64 104
57 240
141 147
79 163
105 194
118 251
8 167
73 122
21 99
64 154
171 202
45 151
182 208
54 189
156 213
79 266
142 229
8 174
226 277
57 58
248 265
33 179
129 164
45 119
1 123
63 289
28 141
188 255
34 278
44 177
12 291
29 235
58 228
78 176
162 206
57 161
25 95
157 271
75 204
219 231
156 287
184 265
12 87
10 202
78 155
131 267
31 150
54 108
8 104
26 290
53 202
32 256
9 58
32 297
281 296
118 176
14 224
98 180
77 247
66 153
67 223
260 261
29 243
264 283
235 254
210 221
97 116
21 183
181 189
197 249
35 173
220 261
155 183
133 201
75 77
15 114
89 196
244 269
75 215
155 300
180 182
80 92
149 210
67 270
181 271
82 215
159 288
147 294
34 38
233 247
82 261
9 14
30 170
80 98
13 39
123 168
83 191
181 195
7 167
42 277
168 286
121 257
224 257
196 224
18 99
12 69
82 232
166 187
294 299
121 146
60 280
116 225
61 278
112 235
150 237
104 154
211 259
146 157
98 149
72 136
112 179
1 72
127 263
208 290
169 181
76 227
99 171
138 191
16 180
176 200
56 214
30 212
269 279
47 214
207 221
83 265
124 214
132 159
99 297
66 262
174 251
210 247
7 223
181 268
88 119
2 264
87 148
111 227
50 269
227 276
31 205
32 272
132 299
62 260
180 190
24 111
95 202
88 129
35 41
134 189
86 233
34 253
196 243
61 104
4 61
95 300
167 192
68 284
193 257
184 206
222 246
189 270
112 282
88 195
52 275
110 230
116 118
17 202
102 180
38 228
173 193
164 269
222 287
122 257
55 228
181 198
44 78
39 135
210 293
44 168
192 212
102 284
94 293
78 229
46 188
206 224
241 288
29 273
15 152
30 294
188 202
187 271
76 85
128 240
62 198
142 239
35 137
240 245
213 245
93 239
3 62
35 259
4 159
25 264
159 219
134 293
144 265
18 137
223 265
10 279
34 154
66 200
68 111
86 283
19 250
2 108
256 290
85 290
23 227
107 232
11 195
112 152
264 295
60 204
48 75
16 297
37 217
37 279
179 276
79 122
92 250
12 129
231 286
221 265
23 162
144 173
69 73
73 148
82 280
109 255
222 248
170 292
41 72
86 223
90 155
230 257
124 287
112 290
84 156
82 87
269 291
183 201
138 270
49 136
148 221
234 256
33 169
115 206
271 283
230 262
22 94
50 297
84 270
45 225
118 234
68 155
102 124
94 103
154 244
131 270
108 283
34 242
61 127
61 117
73 168
108 252
144 180
166 204
82 275
58 222
49 271
12 110
6 250
118 138
243 300
96 167
75 272
189 290
62 89
112 241
134 204
49 274
163 180
22 61
128 261
161 173
80 135
15 209
27 271
14 26
206 213
244 252
102 150
140 294
20 71
1 116
5 156
53 174
35 86
280 294
158 176
117 269
164 264
55 244
84 210
140 240
243 287
151 158
234 254
10 203
21 233
40 171
123 279
245 254
27 107
13 300
18 229
277 290
112 121
128 142
124 140
12 206
76 108
133 262
29 156
7 195
132 216
36 193
67 95
25 129
85 167
72 185
34 243
17 115
40 180
122 208
112 175
98 288
14 267
117 186
81 297
70 279
165 194
152 260
239 285
54 285
115 217
41 138
21 240
60 263
108 114
208 275
77 157
141 263
189 193
117 158
73 288
192 204
40 149
72 276
90 152
39 198
35 149
142 199
93 193
27 216
48 185
221 243
265 287
65 263
78 162
94 262
168 231
87 268
154 262
40 181
66 295
28 72
27 290
25 43
177 250
195 281
25 30
9 125
14 24
45 162
72 248
23 146
157 189
7 51
205 218
144 220
133 231
133 288
133 204
99 229
27 152
78 158
17 129
183 278
76 277
99 176
169 266
26 47
61 158
213 230
170 266
32 123
18 198
100 168
148 149
123 170
93 149
119 250
58 229
193 197
212 267
186 202
212 263
84 257
52 132
164 278
1 284
187 254
12 68
70 252
116 245
74 294
134 154
134 214
45 300
51 121
32 154
38 169
96 299
138 174
88 212
231 244
279 282
194 263
85 110
39 108
56 209
135 247
42 115
92 288
29 287
113 261
126 251
73 238
81 192
177 224
153 156
75 242
87 161
125 228
29 170
20 267
165 270
84 127
24 239
177 203
94 135
155 264
91 94
6 271
178 187
127 233
141 241
5 265
138 186
161 279
17 205
122 211
77 227
60 156
173 235
99 179
43 214
144 172
155 170
127 215
11 163
24 285
95 256
114 169
113 133
67 129
236 289
207 269
45 212
254 269
66 114
191 212
38 154
1 270
2 185
31 258
247 280
207 259
237 277
62 168
14 153
66 271
236 297
16 118
31 198
57 274
3 99
108 123
63 245
115 239
5 80
266 272
72 292
76 153
4 115
159 241
44 259
63 152
197 241
183 279
45 237
70 242
49 133
220 223
21 229
168 260
14 203
138 198
111 277
55 157
42 244
87 202
87 195
50 250
4 39
155 248
139 156
119 237
115 122
203 269
196 218
161 202
26 149
142 152
106 189
65 119
54 200
80 134
10 189
131 266
22 87
107 267
171 232
5 280
25 205
63 116
31 94
183 249
206 258
157 186
2 202
41 68
178 235
89 215
181 277
113 153
116 297
31 209
146 229
64 253
2 281
53 90
268 277
17 222
131 216
44 174
242 248
22 127
59 79
74 206
197 260
161 269
182 250
32 38
135 199
25 148
184 215
145 257
33 72
3 108
216 297
72 78
230 289
13 166
179 190
83 180
198 266
58 216
53 175
180 286
137 294
36 39
130 224
37 163
76 166
134 260
262 279
145 153
50 226
45 124
77 79
68 140
59 297
61 269
150 154
107 234
8 31
35 286
242 265
12 94
82 219
163 198
86 192
130 192
76 220
172 269
153 296
77 153
206 283
55 78
52 85
94 157
71 292
52 131
114 136
265 269
71 184
29 104
101 138
88 146
41 263
226 276
39 299
26 161
200 224
81 105
229 261
199 235
283 292
67 220
172 223
120 210
232 286
71 242
175 226
121 188
124 283
44 255
205 253
4 14
281 286
9 188
168 234
31 261
12 241
182 205
33 71
8 150
219 287
94 193
10 280
143 196
9 199
83 284
99 230
87 136
16 67
177 182
197 223
128 212
243 248
21 154
83 182
184 249
213 237
87 172
7 97
209 283
47 81
240 283
67 237
51 202
5 141
137 216
135 214
94 167
141 146
9 165
216 245
52 115
118 139
94 197
121 233
205 215
70 235
53 204
67 201
161 174
110 170
136 154
231 285
127 289
273 300
171 184
97 295
211 262
126 140
127 211
6 168
16 32
64 284
128 179
77 190
55 56
207 250
10 172
55 288
33 68
26 72
192 237
170 256
43 289
33 34
181 273
109 164
194 232
93 201
264 270
122 125
219 267
19 227
61 188
43 70
147 245
229 237
115 248
176 252
22 270
14 48
52 254
121 251
9 140
68 229
44 134
113 154
173 234
70 213
33 204
36 172
287 289
86 103
178 199
196 250
97 180
19 155
245 265
71 111
61 65
15 106
191 253
46 195
266 278
119 289
9 274
105 221
182 244
14 240
62 70
10 39
42 66
69 152
125 209
195 216
174 268
177 243
21 94
118 206
65 272
25 161
50 209
68 211
90 109
255 280
88 243
28 52
26 222
149 230
26 29
48 99
164 173
144 293
108 225
146 265
160 199
220 300
46 219
215 293
204 300
64 231
2 180
52 234
4 38
9 164
38 94
266 269
17 272
225 281
119 213
16 119
55 176
133 216
67 208
145 221
75 91
13 217
242 264
28 142
92 119
51 114
22 112
119 144
17 102
143 191
198 300
102 164
39 235
154 230
40 73
145 236
131 193
191 279
195 260
92 256
47 141
67 139
91 113
212 284
133 272
238 247
92 192
234 269
77 86
63 85
17 262
140 144
153 249
235 263
171 172
38 189
3 173
167 195
3 242
36 60
22 158
215 300
104 119
178 241
134 232
57 138
173 263
160 206
64 102
192 298
15 293
256 288
183 216
292 294
196 262
24 182
3 94
46 112
110 260
126 221
89 216
26 54
105 269
25 106
77 193
65 192
238 243
121 227
78 177
43 169
21 202
184 287
101 257
82 174
42 49
39 281
108 231
4 86
11 158
89 211
106 108
69 269
86 259
76 230
171 205
156 258
30 37
57 209
89 164
53 113
227 285
150 157
54 80
58 287
181 233
201 277
88 201
30 197
218 220
3 129
4 124
81 139
29 268
34 270
15 170
215 266
48 79
4 7
151 268
18 228
47 226
66 291
185 266
168 197
7 139
193 292
123 154
25 247
83 243
14 218
1 213
48 101
146 187
42 222
167 199
26 228
34 295
85 233
34 269
35 262
78 119
233 266
135 290
72 141
30 48
142 186
60 273
83 145
19 197
125 202
51 90
29 94
20 224
111 202
123 186
85 239
122 143
83 139
13 103
242 266
264 265
53 102
135 155
81 242
169 291
165 254
193 210
57 246
72 254
84 178
20 47
13 118
264 268
115 135
142 148
7 69
183 192
66 105
236 285
70 201
146 225
188 234
84 221
62 255
254 258
46 161
51 297
73 276
32 230
24 30
188 232
156 158
180 229
53 227
22 123
137 226
31 47
93 292
65 73
32 258
54 90
101 170
99 195
87 238
30 53
75 258
59 254
78 112
246 300
212 219
30 243
99 200
58 169
209 265
5 174
178 283
176 262
95 114
171 257
180 300
129 212
183 242
48 104
153 290
89 139
157 197
44 132
6 233
189 204
56 167
131 237
107 256
136 284
1 79
123 134
131 229
74 139
7 141
163 190
94 221
27 143
20 89
26 282
99 198
148 280
73 292
36 261
22 254
29 74
133 241
262 300
20 228
228 237
70 98
142 282
39 178
25 222
45 75
223 241
52 177
5 27
127 270
97 283
45 219
249 283
158 223
110 185
18 231
171 228
175 276
3 8
28 74
166 284
33 98
5 147
65 151
169 293
30 149
80 242
73 255
35 148
240 271
268 272
55 156
175 194
246 271
117 130
72 74
85 248
106 213
202 257
213 298
14 92
237 244
32 66
43 288
47 127
86 257
182 279
60 132
200 214
204 237
63 248
177 222
161 186
22 32
185 207
47 176
84 151
7 17
96 232
66 223
12 285
195 288
205 269
84 276
184 266
4 277
212 234
84 176
126 277
110 176
165 263
138 242
54 207
154 211
6 235
2 263
201 209
4 28
118 282
86 111
119 168
116 164
71 168
114 275
230 252
32 216
48 257
66 178
1 16
163 174
216 274
6 261
13 44
9 40
91 178
67 72
33 76
1 163
20 110
51 142
74 299
13 38
38 260
190 274
92 99
1 94
162 261
112 124
82 88
185 217
110 165
11 201
109 293
81 184
17 177
23 55
76 162
22 200
43 62
41 193
72 133
266 281
53 257
110 208
32 196
151 238
102 187
85 234
65 225
82 141
154 165
192 280
118 273
35 96
3 209
15 175
113 163
167 196
62 131
17 225
26 121
138 230
189 284
248 280
55 241
136 193
78 130
129 158
81 124
66 236
170 274
101 132
91 149
63 278
204 220
234 235
69 140
136 188
173 294
193 220
217 251
74 239
132 179
163 296
79 166
48 282
31 73
36 293
204 283
119 283
80 251
215 271
51 291
100 152
92 270
63 153
114 142
58 217
7 15
135 226
89 186
166 247
104 201
125 173
126 239
98 158
47 69
285 298
197 238
98 196
175 273
144 186
101 145
105 178
51 186
277 300
228 246
160 177
99 165
26 33
87 137
157 159
231 253
200 213
114 223
27 58
31 272
15 225
193 299
18 46
151 208
24 74
87 107
92 113
64 297
69 186
109 240
25 92
82 117
65 112
44 146
110 247
96 251
179 232
21 258
45 265
215 242
21 267
101 159
134 220
75 238
120 247
95 116
22 143
75 250
15 63
56 90
91 288
67 143
194 223
121 215
62 106
150 168
9 169
3 258
54 186
14 87
113 165
175 267
12 245
124 262
73 225
112 155
212 277
219 255
103 189
55 69
154 192
140 177
13 127
133 253
163 270
5 243
48 138
167 177
65 298
36 153
4 199
14 219
13 219
46 129
15 153
37 234
11 235
156 198
119 158
22 225
78 152
98 229
63 290
56 124
228 297
174 295
206 234
26 132
136 272
192 221
55 86
145 292
15 141
127 138
137 163
42 86
190 225
47 196
259 291
40 182
92 261
125 163
152 256
111 207
15 217
103 227
185 224
58 97
190 268
29 32
24 245
156 265
139 294
114 186
258 288
93 202
135 197
120 211
42 258
61 252
106 281
117 255
50 293
225 244
82 279
97 154
107 192
285 295
141 172
54 270
111 292
83 299
99 204
185 237
163 203
18 20
166 259
188 257
101 123
178 270
141 299
169 188
3 246
61 109
85 132
30 77
264 287
36 217
2 231
122 168
7 147
216 231
74 272
119 271
105 266
217 224
35 163
21 144
23 124
133 239
29 38
20 237
117 127
63 84
149 240
9 171
15 249
61 139
77 131
84 263
75 146
128 159
24 295
246 276
6 175
65 194
173 298
17 109
7 193
212 241
69 292
27 65
31 253
12 137
257 277
132 300
24 39
95 109
23 219
216 288
108 137
93 249
61 146
207 240
126 202
90 179
125 135
31 252
19 105
25 219
102 222
208 230
112 219
137 180
156 272
127 217
83 181
72 249
46 88
238 277
48 283
162 173
140 196
47 99
236 267
46 133
71 181
45 138
103 225
142 214
79 255
55 189
118 158
148 161
98 151
42 203
24 100
166 296
87 99
165 286
43 68
120 296
57 234
154 281
58 261
50 199
67 116
58 78
112 196
169 297
105 273
183 224
266 289
2 163
159 245
170 271
173 179
98 126
122 161
178 281
133 156
23 123
172 289
111 151
60 297
11 114
7 278
94 120
153 199
75 167
51 224
87 263
193 226
91 295
120 183
15 81
77 232
187 258
59 105
109 203
81 223
46 150
96 215
2 288
7 222
23 239
207 230
233 236
117 176
3 32
194 247
12 180
223 254
130 158
185 282
31 156
203 290
80 300
221 248
211 293
212 265
213 264
78 234
109 247
82 291
63 270
97 239
137 182
43 186
85 171
8 200
24 127
103 164
124 194
36 77
76 191
256 274
97 156
137 274
19 145
25 56
176 286
95 144
19 221
149 157
23 142
162 233
105 107
17 182
238 285
262 291
77 284
21 249
3 46
6 298
87 214
75 150
140 185
69 217
226 252
118 196
244 259
197 278
139 203
103 142
171 293
154 183
138 177
45 102
35 165
106 107
145 289
51 209
245 295
19 180
17 54
235 291
55 209
80 102
188 259
117 121
41 231
106 215
150 250
92 230
164 258
249 299
191 246
15 98
209 284
24 219
4 170
86 205
58 249
66 288
213 262
167 263
56 68
191 260
184 248
47 85
162 244
177 282
248 264
106 185
34 257
21 27
75 259
165 251
32 91
78 265
268 271
23 92
60 91
87 119
57 189
168 241
26 235
66 190
81 284
97 201
195 220
194 199
16 116
99 168
3 177
91 108
135 201
5 25
217 219
55 243
106 134
92 171
46 70
51 126
190 286
103 240
260 277
92 290
157 177
210 267
50 252
78 180
34 196
47 65
75 267
106 238
71 247
34 42
112 243
104 110
48 145
8 204
260 273
59 257
28 200
10 196
9 213
139 225
122 170
131 185
25 188
263 288
98 127
70 299
107 180
46 95
149 223
70 210
6 113
98 168
5 39
155 162
192 232
11 288
66 217
108 230
33 291
62 209
15 65
47 180
36 40
80 94
101 224
100 293
70 199
4 298
187 300
118 235
207 238
177 181
112 171
121 193
144 212
19 292
165 195
6 188
33 264
227 253
95 106
54 184
226 290
119 240
115 140
13 280
104 239
123 246
174 257
28 104
42 80
176 201
19 149
24 36
146 203
10 123
237 278
128 226
163 237
3 145
122 163
75 153
136 176
216 251
239 281
102 206
5 160
126 182
98 148
27 227
3 248
27 111
215 286
25 167
59 103
53 203
177 294
31 200
76 197
13 84
198 283
49 244
265 300
165 205
28 289
39 157
38 188
63 205
152 153
6 146
193 287
63 224
116 264
19 99
71 98
47 255
172 266
179 289
242 263
80 99
185 248
29 204
12 211
135 232
35 83
44 111
49 162
226 299
45 255
184 205
86 145
23 29
58 194
120 206
189 198
27 258
166 201
101 166
199 205
16 97
159 272
105 125
153 161
7 145
182 216
2 194
130 172
143 278
50 111
236 262
103 265
59 200
41 80
29 59
189 265
121 153
28 102
101 142
7 42
128 276
189 226
101 230
180 245
223 269
122 178
209 224
22 34
93 256
43 93
243 268
49 62
11 98
26 245
166 200
159 280
8 168
87 292
143 197
171 191
62 186
23 285
1 45
42 120
30 269
168 240
34 166
116 266
11 175
156 253
24 269
110 255
182 282
168 250
170 174
111 130
63 182
147 232
60 234
114 229
120 190
27 189
103 228
227 295
25 298
19 212
38 89
79 224
48 130
233 296
182 237
40 205
46 187
83 153
112 274
38 176
65 244
156 223
51 104
129 283
139 180
1 6
112 273
78 233
154 295
78 216
80 124
54 232
24 149
156 210
32 268
104 126
45 122
127 238
134 271
166 176
8 80
3 259
140 205
118 182
216 217
1 91
259 278
45 275
183 204
11 144
98 271
109 212
11 113
59 233
4 184
18 287
273 283
132 272
92 198
129 218
67 293
24 163
60 74
67 229
2 162
236 258
18 292
139 244
164 165
255 284
113 162
4 164
131 184
103 299
54 268
266 296
156 250
129 201
158 281
238 299
99 214
51 246
64 224
149 207
18 44
93 293
185 196
257 258
231 246
127 266
9 202
82 127
93 168
224 289
220 222
67 109
210 239
199 204
93 172
188 262
70 295
268 281
38 158
26 182
142 279
249 281
36 48
44 79
66 180
23 224
168 289
96 190
61 245
46 271
37 53
193 295
141 216
34 271
88 163
179 296
204 267
127 235
149 233
250 284
31 222
124 192
28 175
6 290
77 185
186 300
69 264
82 126
118 159
58 140
208 285
48 131
268 300
168 277
63 146
99 158
161 229
22 285
102 112
99 172
85 144
84 285
13 281
10 62
4 253
214 268
6 219
55 267
102 163
233 267
85 280
182 246
31 127
70 214
42 70
9 37
153 247
68 109
95 192
176 215
37 61
6 74
126 275
64 96
94 126
174 229
56 80
183 211
42 224
5 214
156 165
257 286
150 220
74 76
74 200
86 181
168 190
237 254
20 271
60 125
33 249
87 183
186 296
112 200
189 196
14 136
106 176
78 191
45 247
115 191
54 76
90 99
17 97
43 196
37 260
116 251
15 76
65 181
57 135
80 197
207 208
81 93
133 181
146 284
136 262
167 174
167 251
130 258
121 245
172 219
9 183
83 270
136 138
249 300
72 93
37 154
50 192
14 174
87 167
188 295
16 233
61 100
23 181
241 270
233 235
97 134
72 85
219 276
39 219
13 297
268 275
63 298
122 223
51 141
252 286
174 249
71 77
68 213
218 288
53 59
93 245
191 222
81 232
19 300
72 181
126 134
40 242
68 123
127 182
92 165
175 214
179 241
6 118
36 239
20 50
15 62
3 81
81 115
185 233
217 264
34 217
2 82
57 230
103 248
6 137
71 191
116 258
3 86
229 269
57 166
25 199
116 134
69 164
52 299
150 194
177 195
186 253
78 170
60 69
3 163
196 281
15 273
148 217
73 103
9 145
81 150
105 270
57 164
221 261
17 130
223 300
48 204
69 93
170 239
186 250
3 278
58 144
194 291
151 248
87 124
147 283
149 211
208 239
1 230
8 18
172 255
207 228
72 170
144 205
71 259
85 142
41 195
105 232
114 184
82 278
213 277
225 263
12 108
154 272
45 274
23 35
99 147
21 96
225 243
217 242
121 247
50 53
111 260
183 255
183 300
47 190
34 162
177 225
70 139
107 155
84 101
20 214
139 141
148 258
147 292
1 288
60 222
37 108
194 255
179 180
60 199
261 287
57 110
89 165
226 272
31 77
67 291
170 290
163 284
82 258
68 200
82 292
49 205
43 255
42 178
39 239
175 188
70 286
38 143
98 249
32 202
66 290
222 244
134 231
23 178
38 69
105 217
74 220
94 133
259 271
96 181
39 165
149 245
179 222
44 55
131 241
100 288
156 169
8 205
96 171
100 268
77 231
57 133
3 191
107 269
8 187
206 282
257 292
79 169
1 181
178 214
117 271
44 247
201 242
134 287
34 236
162 269
29 154
64 216
41 163
26 103
141 244
111 115
138 275
39 200
22 243
116 183
169 257
133 208
193 261
93 185
132 296
76 149
168 212
71 160
160 295
11 197
69 218
62 78
34 52
32 263
117 182
149 241
12 75
239 272
48 246
118 226
61 94
209 288
118 154
135 162
32 219
125 208
31 197
49 85
64 123
66 110
1 165
31 97
170 251
228 267
97 150
153 283
91 261
46 68
70 261
19 86
169 180
53 266
27 251
169 171
59 92
123 289
64 274
96 239
195 254
203 256
83 276
92 221
106 204
98 237
26 288
232 253
229 256
41 281
186 193
19 87
160 283
171 237
64 246
99 293
13 66
6 109
137 251
63 226
27 78
1 95
125 268
133 153
174 252
38 287
88 127
77 254
131 289
99 217
234 267
85 153
23 264
94 269
163 223
42 126
155 160
31 90
73 277
206 299
125 162
52 179
31 86
100 226
123 277
33 220
83 292
6 87
216 236
234 242
62 259
211 267
177 185
3 184
214 253
125 256
29 252
135 293
202 244
244 265
23 290
102 182
26 120
7 241
1 26
47 203
12 216
158 161
106 138
17 107
173 237
130 266
280 292
42 48
253 291
2 145
151 212
125 127
66 95
92 155
29 253
64 212
194 267
12 226
58 137
168 204
237 289
40 113
16 173
51 199
96 195
42 136
25 198
179 236
14 190
31 255
40 240
1 253
57 149
237 251
73 167
104 216
152 168
8 14
105 191
15 133
163 230
144 245
28 241
222 233
74 225
138 249
120 240
187 281
32 286
79 123
133 280
66 258
104 224
45 67
180 193
75 243
56 300
96 132
153 284
191 294
242 291
19 28
23 79
75 112
31 105
5 142
11 102
164 172
31 54
100 150
202 218
124 158
109 170
48 146
156 199
57 196
116 284
248 277
146 264
202 203
91 212
32 113
22 250
141 214
52 116
137 255
121 192
68 177
204 233
75 137
17 179
72 177
10 300
45 137
99 192
7 152
162 232
122 253
27 277
93 203
6 192
221 244
46 239
18 119
46 71
118 229
117 276
39 296
87 284
49 184
92 126
32 255
113 143
69 158
11 63
73 96
112 276
19 272
133 273
3 232
160 203
151 269
17 203
217 288
100 130
67 247
86 130
218 223
124 166
48 118
66 104
54 64
72 298
47 95
218 237
19 71
72 94
97 297
50 166
21 77
111 186
21 259
31 226
16 89
20 162
34 181
78 207
161 254
99 300
51 102
225 260
75 111
73 160
281 288
254 267
208 244
154 207
223 247
222 273
152 270
162 193
14 143
113 248
143 264
76 261
100 212
112 120
76 219
214 272
221 300
224 264
59 243
14 104
40 144
49 107
56 70
1 274
190 201
159 299
36 230
43 180
77 92
74 120
68 164
98 234
40 295
163 178
14 291
102 235
126 135
25 254
3 38
60 270
128 189
178 243
112 113
128 166
27 162
102 141
252 300
78 275
150 218
5 90
194 221
179 231
157 285
14 35
47 246
173 219
264 274
26 52
175 206
61 148
31 88
138 150
73 129
33 138
207 253
115 168
143 187
38 146
116 195
230 296
36 275
188 206
181 249
109 129
42 299
82 255
62 235
159 209
64 258
6 197
207 288
101 184
215 269
74 134
233 292
139 144
118 236
2 69
124 205
33 75
36 182
81 225
210 263
54 177
15 57
111 138
164 266
14 124
147 225
189 264
90 119
60 106
89 134
158 192
207 255
8 275
112 147
225 241
63 184
28 111
155 217
44 293
97 218
84 125
187 198
103 264
96 218
49 165
205 240
63 285
105 170
116 178
24 284
16 260
270 298
133 180
23 188
218 230
122 159
145 277
143 285
138 187
25 189
19 206
11 125
152 284
141 243
60 210
9 63
94 289
108 234
194 197
122 210
2 135
176 259
59 75
133 296
24 179
99 274
22 155
49 102
31 236
88 297
46 199
205 217
56 190
179 199
85 149
79 275
11 277
16 19
25 175
23 297
230 255
61 287
21 112
92 232
165 226
16 106
100 282
123 185
61 286
114 204
65 142
40 275
126 138
40 151
28 40
14 56
26 56
180 288
92 246
102 199
203 223
196 299
158 273
20 175
156 208
74 192
87 271
13 97
188 217
49 279
191 265
153 165
37 178
86 134
181 209
55 99
106 129
49 68
105 294
59 110
195 273
48 61
148 181
45 288
24 191
40 166
39 203
31 78
138 147
22 173
14 185
161 249
28 172
52 265
256 268
145 189
44 278
36 203
193 234
39 224
226 241
45 117
112 267
150 169
41 173
151 250
37 214
3 116
67 224
122 268
73 279
47 134
131 260
2 34
107 275
260 267
136 281
104 182
123 224
100 177
45 93
157 158
160 300
122 212
13 228
205 236
48 221
67 230
87 203
56 131
184 229
188 248
185 280
35 159
20 29
185 187
70 128
186 271
37 212
90 235
80 292
20 90
181 258
46 105
63 247
24 88
250 259
237 275
182 226
153 244
177 287
184 279
261 291
248 299
91 201
248 255
45 280
65 262
67 185
44 217
88 284
289 292
5 237
126 146
164 203
25 202
29 121
230 297
140 233
140 161
4 143
230 265
54 111
135 154
118 140
193 215
88 249
34 112
144 253
37 211
64 106
189 272
220 231
36 228
16 200
53 156
65 130
204 262
4 52
183 199
2 256
9 210
158 265
38 85
18 131
14 102
104 166
70 123
38 210
166 270
42 107
147 168
10 274
103 148
44 87
71 214
136 279
174 269
73 247
135 240
40 78
69 270
36 264
72 238
123 211
12 158
187 239
62 246
71 221
12 154
171 255
221 245
63 261
91 143
20 127
168 217
223 266
137 195
207 291
88 106
106 210
238 271
216 239
67 212
126 130
107 214
118 292
109 177
125 207
22 130
171 220
46 167
125 157
77 270
34 118
151 221
90 207
195 241
38 298
112 117
140 279
140 155
37 218
180 218
58 221
103 211
248 257
5 182
160 175
26 130
136 236
234 259
55 233
115 211
185 264
2 147
3 243
67 90
73 84
135 136
131 297
174 192
122 171
53 243
67 80
189 278
116 185
17 249
121 288
180 223
179 227
290 295
45 94
85 175
42 197
72 294
47 257
132 222
92 298
290 291
117 157
167 256
91 289
110 226
46 194
148 169
42 102
24 143
60 79
91 207
225 248
50 154
128 196
139 178
3 229
72 255
209 277
181 236
15 173
94 283
1 27
116 193
121 210
18 118
104 288
111 145
125 129
52 140
225 266
192 199
100 202
105 192
159 167
49 151
12 295
86 271
139 160
127 237
114 178
194 284
55 213
90 135
50 54
104 190
191 232
108 159
242 299
11 86
87 250
22 59
151 231
100 223
269 293
38 76
40 288
32 141
102 166
30 259
32 183
61 171
1 198
30 145
258 281
56 194
12 179
2 193
159 180
111 169
60 229
109 274
108 215
239 283
19 194
121 129
169 234
51 277
73 79
163 276
62 263
235 282
69 165
134 209
37 71
51 73
51 60
220 263
39 90
197 240
221 276
164 207
75 209
130 296
85 112
267 277
92 284
6 295
137 154
65 135
23 180
220 276
130 269
23 199
17 66
202 255
99 113
88 279
110 253
161 220
117 126
77 258
17 69
151 267
142 175
155 206
65 188
9 161
95 293
182 239
69 220
13 230
2 21
98 162
47 221
90 287
86 275
60 295
3 64
159 183
3 87
5 193
162 216
19 100
132 264
50 194
130 280
131 172
43 100
254 287
4 148
55 122
60 137
160 227
47 194
57 231
3 219
240 285
92 264
82 191
20 23
18 193
164 235
180 219
156 174
150 257
18 222
88 198
64 289
222 251
108 292
78 109
141 290
2 276
85 206
78 148
99 123
68 135
30 164
59 221
34 195
8 256
112 291
121 176
232 280
51 282
81 177
209 254
172 264
94 285
84 180
56 168
60 138
59 81
12 214
17 290
190 238
83 275
47 239
210 288
165 211
82 134
80 141
240 299
48 69
44 250
172 282
51 89
84 100
139 270
46 216
94 253
66 179
105 109
245 293
64 174
14 29
49 239
138 199
154 182
12 89
72 149
207 267
91 272
91 133
165 279
94 185
45 253
121 182
124 278
48 87
101 221
160 280
102 258
253 257
117 179
227 299
14 105
233 246
38 97
139 179
134 150
38 103
110 138
4 97
124 294
14 154
208 277
1 46
64 122
19 51
186 267
211 294
274 277
261 272
191 286
42 226
86 182
11 103
219 230
28 82
99 126
82 98
117 245
198 273
3 293
201 208
192 228
143 225
32 158
174 246
193 209
12 116
82 249
240 244
116 184
43 260
132 169
24 292
86 229
9 83
102 201
158 173
28 294
127 297
110 231
211 230
44 233
33 171
77 224
201 247
51 83
11 122
107 213
34 213
52 106
122 289
150 177
47 193
29 35
110 237
100 103
113 276
12 91
137 276
22 68
254 278
238 260
146 215
224 299
279 291
25 201
102 211
261 267
58 213
132 184
11 164
24 208
34 277
171 212
51 183
202 250
69 150
16 174
245 267
100 257
1 125
22 272
68 179
109 213
136 198
14 73
115 139
6 257
203 227
174 200
17 263
161 258
143 233
86 135
5 20
129 165
66 225
33 164
175 230
131 228
225 282
90 292
255 265
98 250
59 186
36 132
146 263
162 267
107 122
113 151
228 263
42 274
69 214
20 251
94 200
72 90
253 266
82 205
109 180
71 122
36 285
48 51
268 299
155 268
46 247
141 182
109 158
217 296
146 148
98 171
177 233
24 273
38 157
137 186
34 285
63 233
129 168
134 246
138 241
46 152
115 289
106 287
162 184
9 78
60 92
270 272
93 137
10 104
164 185
127 244
74 263
94 144
27 203
158 262
125 136
1 115
39 46
39 230
243 288
218 295
18 88
233 270
95 152
251 264
39 153
189 225
200 223
142 184
102 270
183 248
55 264
65 228
12 19
188 231
69 172
288 294
79 249
12 223
145 194
87 259
179 271
124 255
4 15
20 56
153 219
13 75
44 75
53 56
155 191
46 72
116 296
1 229
42 192
26 213
231 240
92 194
23 270
203 240
97 161
238 273
83 297
88 89
24 68
106 146
252 269
157 216
55 265
151 227
28 79
19 63
21 133
214 286
54 258
47 161
99 164
87 207
119 264
137 205
19 139
157 256
114 152
37 88
113 215
163 192
67 151
113 176
81 256
38 68
103 191
144 219
281 291
124 273
51 115
181 298
55 227
165 269
141 202
125 286
158 204
62 99
144 257
114 139
238 295
127 145
77 289
158 160
19 76
173 276
198 221
158 207
63 209
89 238
126 281
196 207
39 205
113 289
33 107
65 79
46 278
39 134
34 194
157 171
105 281
39 146
138 280
53 150
118 132
111 297
127 200
251 275
10 162
19 283
65 199
231 270
50 217
102 219
194 254
34 160
75 97
191 199
58 147
67 197
83 241
55 205
2 76
119 251
91 220
22 131
68 77
16 76
193 297
211 250
143 254
181 285
213 219
36 138
205 228
134 258
41 139
174 228
59 269
117 283
56 160
1 273
51 79
141 159
96 177
66 203
61 201
117 213
134 194
139 282
143 300
100 207
75 192
179 194
58 256
77 147
63 255
66 72
95 259
54 295
131 252
38 110
51 253
122 300
84 271
79 121
58 180
182 245
91 299
264 292
91 137
3 40
28 263
57 160
132 267
108 169
71 170
129 192
204 277
30 263
151 289
173 212
30 73
143 145
35 200
41 227
6 213
65 275
22 274
13 177
161 192
132 144
12 168
270 271
29 207
32 265
48 170
55 75
80 107
129 275
135 251
28 291
14 263
81 173
31 208
140 299
13 51
61 258
27 184
11 286
129 280
91 187
54 166
284 297
59 279
64 233
86 179
100 116
43 59
5 279
191 275
49 278
8 59
5 60
65 149
223 281
3 26
103 139
228 230
70 114
129 149
218 294
37 284
74 178
36 44
28 83
108 219
44 161
32 40
10 58
9 276
80 272
19 133
210 240
9 52
135 169
146 271
58 139
256 281
9 185
153 263
78 245
36 151
232 266
58 197
110 147
137 162
83 222
46 254
10 276
72 160
43 217
196 265
70 294
20 52
238 272
173 286
84 172
151 165
112 143
2 24
25 45
132 163
56 197
255 299
8 27
30 254
293 295
19 35
58 143
218 258
157 231
14 191
113 157
180 282
71 104
23 267
81 179
132 177
151 288
9 205
55 218
53 274
257 259
4 274
133 218
86 137
115 184
101 207
134 177
48 300
159 289
28 81
107 147
109 144
253 288
66 168
47 125
199 208
75 208
37 191
12 271
92 226
69 132
22 71
15 155
213 257
167 208
92 237
100 285
189 286
59 287
94 154
169 271
140 224
15 36
40 122
16 256
174 272
59 215
23 242
31 72
173 228
135 211
149 289
111 276
51 263
61 239
70 237
190 221
127 261
265 299
113 290
85 207
55 58
10 182
26 124
103 185
168 257
14 201
172 246
209 210
102 266
30 157
22 79
213 269
84 224
202 234
38 44
134 275
185 244
90 122
93 136
11 138
267 296
142 161
37 140
39 93
222 241
11 25
44 212
214 262
148 276
66 281
201 227
6 297
90 274
154 266
107 270
85 145
104 124
34 260
156 220
1 294
44 147
64 225
76 178
49 189
277 281
36 82
104 180
81 118
65 132
241 283
10 168
78 189
72 264
90 196
260 293
101 127
30 143
4 141
248 281
89 101
7 272
234 279
47 160
131 256
138 266
192 279
39 213
4 268
50 256
5 178
75 151
150 223
172 184
140 286
56 104
170 283
181 199
35 111
18 185
66 126
22 66
40 140
56 85
140 287
112 139
248 284
190 291
104 187
66 88
188 271
6 114
140 163
88 171
150 165
30 107
170 224
85 283
129 239
27 260
34 91
19 192
89 243
152 234
38 172
84 209
60 262
196 227
26 94
37 52
112 281
26 214
96 293
181 210
55 94
99 251
34 126
169 280
35 121
12 147
10 117
171 267
109 242
108 193
89 263
100 167
114 244
105 253
100 149
95 135
55 198
25 280
231 291
164 246
73 77
31 76
288 299
84 272
19 157
7 149
30 121
21 244
77 213
86 125
65 289
105 130
160 249
14 286
145 193
50 105
47 171
21 287
113 134
87 92
95 231
146 291
56 232
38 96
201 243
109 292
22 46
26 93
51 281
131 190
6 280
198 215
28 42
27 81
117 272
72 114
85 117
107 184
58 114
180 269
188 291
130 156
123 175
161 282
85 139
105 198
20 193
141 205
136 168
262 289
239 289
87 281
159 252
8 158
74 259
137 139
107 158
82 238
65 234
96 153
188 273
82 206
3 182
40 116
149 238
156 172
162 241
88 282
128 137
138 224
79 131
115 164
136 217
143 189
45 118
175 177
152 279
121 122
35 157
197 264
75 292
227 277
63 252
120 272
59 78
196 245
86 298
71 99
8 90
128 193
173 205
58 269
11 68
61 298
47 63
80 285
46 52
71 220
133 246
133 152
70 209
108 158
47 121
22 248
50 56
40 71
141 271
38 286
38 295
10 208
11 56
83 143
54 188
105 272
70 185
111 213
27 275
245 279
130 239
232 282
59 273
112 268
23 70
25 87
257 274
72 231
146 180
130 281
174 253
118 290
39 74
182 227
10 219
27 139
16 48
64 236
189 253
12 99
61 147
16 239
42 246
61 191
162 214
194 244
157 172
137 149
29 297
56 170
111 192
87 197
90 280
182 267
62 242
23 280
131 204
160 294
146 176
145 155
107 144
206 297
62 166
73 208
181 243
216 284
22 283
87 171
283 291
28 58
164 205
109 140
129 208
135 299
148 157
107 138
5 47
8 103
172 182
41 169
110 293
247 257
190 215
8 70
106 240
52 62
121 140
182 290
44 220
36 67
134 173
170 188
15 22
93 110
49 180
248 285
81 250
103 238
46 158
14 170
46 96
180 248
250 268
42 297
61 211
13 128
3 215
66 196
25 285
25 77
87 266
131 134
38 90
76 125
213 214
50 265
57 279
142 179
156 289
114 131
96 243
145 154
81 132
232 243
222 300
250 295
148 198
147 264
189 244
152 192
110 174
39 118
61 293
77 155
197 235
20 232
203 225
121 173
13 253
263 300
56 279
40 261
115 258
68 285
142 280
91 186
47 269
153 175
180 271
194 212
32 94
130 163
5 267
5 36
16 47
86 280
99 115
49 257
168 273
71 235
26 145
161 166
9 170
24 216
155 298
228 252
238 300
208 272
115 279
30 296
133 143
97 157
99 295
115 281
78 211
117 160
2 130
92 241
7 162
47 112
223 290
173 197
41 42
20 79
11 34
168 198
146 217
136 149
11 95
48 196
6 209
169 255
140 223
121 179
65 109
80 286
199 238
17 172
47 156
104 285
187 266
95 121
254 271
210 226
98 156
94 175
60 202
16 85
174 224
49 275
120 192
150 280
233 276
23 134
139 167
113 202
85 293
120 228
93 237
153 203
183 195
36 206
143 152
70 218
20 238
89 103
49 288
44 160
13 143
132 240
191 241
56 147
11 76
120 243
170 298
15 129
227 270
122 128
142 185
27 177
73 116
35 233
1 86
89 187
64 204
7 98
166 219
264 266
36 169
233 263
140 143
132 230
157 212
74 99
141 281
25 98
149 280
60 176
96 230
71 156
42 139
102 125
14 280
10 298
119 208
140 188
237 291
237 282
144 277
43 92
184 269
123 264
89 271
49 245
66 84
8 71
51 188
79 193
202 207
198 224
242 254
99 114
53 195
181 197
44 121
17 283
42 191
18 52
83 255
210 233
229 239
174 207
58 271
162 220
222 261
13 58
5 268
168 219
79 147
105 187
231 277
30 147
195 211
246 286
107 218
105 171
85 136
233 277
175 243
37 210
161 207
78 293
14 210
50 90
174 227
63 69
131 199
20 290
78 277
4 9
20 223
232 233
98 265
179 235
144 162
2 97
75 81
78 209
62 73
37 164
134 259
90 273
75 220
13 251
87 258
65 243
34 86
158 217
77 124
73 202
33 152
120 171
62 223
48 81
52 112
237 290
63 102
60 164
59 229
142 219
22 98
154 206
145 267
39 238
17 114
92 183
4 101
164 177
32 227
164 204
277 279
7 52
52 149
114 118
174 292
84 294
114 147
72 232
246 293
94 217
36 185
169 239
16 232
60 258
38 163
215 239
161 183
90 241
138 185
244 295
192 255
115 209
43 119
176 236
153 269
100 217
224 259
26 287
6 199
46 205
51 264
205 258
88 265
8 189
163 183
61 137
149 158
16 284
137 248
130 199
209 300
28 89
141 179
190 197
22 263
160 220
46 226
68 223
31 179
171 227
57 250
116 171
245 264
122 198
131 276
13 208
222 265
144 204
36 300
126 179
5 284
191 197
266 276
82 107
106 271
21 141
37 148
45 129
41 245
94 220
146 230
8 64
184 232
15 176
74 183
160 176
21 88
2 191
28 75
112 163
194 228
172 273
264 267
77 164
110 193
206 276
24 210
117 211
169 243
16 193
41 166
41 143
83 184
201 262
31 298
225 276
189 291
142 245
4 218
170 237
84 249
5 117
92 121
5 223
137 175
58 177
30 135
121 130
111 290
51 161
16 280
88 242
173 221
54 215
175 285
167 188
22 172
27 201
31 293
65 198
50 183
50 208
3 291
29 111
94 160
70 232
6 253
114 120
164 277
149 179
146 292
47 133
46 256
172 216
165 285
145 179
21 218
28 194
220 221
119 265
40 255
136 170
266 283
247 277
18 107
237 279
177 218
29 244
44 96
64 80
35 202
55 161
105 278
147 197
27 218
9 88
116 127
110 172
162 222
194 217
132 283
29 166
49 241
108 209
169 294
145 224
146 250
28 54
59 177
16 17
195 201
9 133
70 101
43 229
174 265
154 287
115 157
8 231
99 175
171 297
63 160
21 30
35 196
162 263
106 252
13 72
30 51
39 150
67 280
92 112
64 151
68 236
50 257
11 81
164 234
85 185
126 227
21 160
141 204
209 299
251 293
148 166
25 60
146 237
99 287
10 75
74 241
95 140
95 208
35 143
10 137
259 294
27 149
11 296
147 288
115 255
64 100
22 29
31 110
136 227
84 148
81 300
81 198
73 86
186 219
215 257
253 290
18 182
213 234
265 293
139 250
66 192
27 212
125 165
124 225
11 143
116 281
239 247
168 196
100 155
18 64
39 211
79 268
54 168
179 274
14 53
19 37
13 101
72 212
5 37
16 84
18 241
1 156
72 241
159 292
130 191
135 294
199 218
205 212
49 194
153 272
62 202
196 279
56 235
49 264
136 175
179 237
28 167
1 266
62 191
95 232
89 150
3 287
109 125
78 294
26 265
183 290
89 289
16 202
130 300
37 207
117 132
167 217
50 179
68 272
178 268
159 196
117 134
182 196
244 279
212 229
52 160
44 53
189 207
127 147
69 71
32 277
151 170
37 124
65 259
44 135
207 237
81 270
37 264
32 229
224 242
110 198
97 257
157 290
10 150
120 164
85 147
28 161
232 234
96 185
58 148
156 246
20 246
57 204
148 269
164 265
219 280
227 248
265 266
204 279
30 160
94 110
24 132
100 123
177 228
88 109
139 208
75 154
39 87
63 97
87 236
139 232
86 269
49 101
114 155
6 94
139 145
115 178
13 21
47 159
116 247
79 188
61 90
70 103
71 266
96 147
41 202
170 278
12 259
64 189
94 207
209 258
35 122
102 105
7 117
116 121
38 152
56 210
153 241
186 294
129 225
229 262
85 107
209 223
217 247
129 229
52 192
267 297
111 248
133 193
186 274
80 192
77 172
200 203
156 277
165 281
37 224
95 117
38 272
20 289
115 283
39 77
218 275
32 62
90 138
186 258
130 255
23 281
21 46
145 284
46 178
241 278
107 235
213 218
85 106
110 280
146 196
30 80
191 297
18 142
39 120
6 196
178 288
117 297
40 183
62 214
26 218
15 89
198 205
109 263
114 222
100 295
213 271
17 80
97 109
131 259
177 198
130 284
54 299
65 136
107 288
64 240
110 235
180 227
127 143
26 240
140 209
17 159
37 213
118 237
240 292
62 150
45 48
41 214
201 214
40 170
120 185
34 61
209 226
203 275
158 257
173 182
2 32
184 231
114 246
70 94
92 215
19 46
171 174
239 271
49 65
57 251
140 199
9 51
50 240
230 232
156 298
134 283
6 10
140 220
100 232
124 238
119 209
199 254
9 245
79 184
55 294
74 156
156 204
19 121
129 261
1 85
246 248
68 216
176 295
2 67
200 256
232 292
6 181
178 209
33 294
83 174
72 95
203 231
15 88
25 94
114 250
68 88
134 178
159 227
7 184
188 214
69 86
49 225
98 280
111 266
121 236
49 174
24 82
22 212
39 245
128 254
47 295
7 156
171 230
15 299
122 272
45 148
44 67
117 190
217 281
185 272
96 184
107 177
108 178
280 290
176 239
191 289
126 129
241 247
21 35
155 192
2 173
119 291
8 298
205 255
56 256
143 207
73 82
109 251
148 163
122 282
216 296
63 275
55 194
3 160
224 240
36 290
18 66
175 272
39 275
42 232
72 172
140 273
78 157
85 191
158 289
14 171
84 296
97 113
14 37
179 291
29 269
157 210
22 245
169 245
82 125
69 97
183 286
156 191
40 290
273 285
131 238
242 288
42 77
30 155
123 138
140 149
186 192
177 300
133 263
110 287
33 225
227 243
45 223
45 51
63 68
19 213
196 251
42 266
166 300
126 133
21 23
25 225
107 231
91 136
24 237
239 296
257 293
131 212
76 132
3 23
9 279
58 226
165 187
127 204
214 247
80 103
77 274
50 190
123 176
5 171
82 101
65 163
212 259
128 270
191 201
112 209
11 237
87 191
39 216
21 289
100 186
217 282
80 157
40 153
44 70
113 245
78 296
25 300
172 217
132 211
230 237
31 37
10 259
160 185
36 70
57 178
90 126
126 145
101 260
89 95
61 119
232 299
245 268
250 261
8 98
13 18
200 263
35 130
80 150
35 294
89 266
10 97
169 251
121 249
32 163
224 241
42 202
157 215
139 224
41 258
120 221
71 89
3 88
76 189
50 275
133 256
74 199
89 222
26 212
132 167
56 127
255 279
32 157
79 230
211 254
156 249
84 111
203 279
177 210
43 294
137 299
56 88
187 280
135 185
225 259
63 128
145 298
44 149
6 198
143 217
220 252
130 297
18 81
169 197
75 293
95 228
113 149
147 153
55 150
123 191
98 140
273 288
12 169
36 196
207 256
6 193
69 248
141 201
105 118
57 290
2 215
224 235
50 144
255 271
191 195
199 259
14 212
64 264
51 52
2 167
85 170
10 278
48 262
188 267
5 58
122 189
11 33
287 294
125 269
74 264
94 294
90 169
36 215
49 206
48 113
83 108
183 294
101 186
113 231
123 148
111 142
22 88
140 208
38 193
229 251
177 227
115 237
174 230
86 128
38 275
33 278
188 215
41 66
22 218
66 138
216 275
31 140
110 239
259 290
6 274
240 279
106 297
35 273
70 131
107 111
31 237
49 219
127 249
80 130
146 256
155 164
277 289
91 231
44 209
104 277
37 135
43 283
98 215
97 299
12 118
62 90
203 278
243 296
29 50
17 120
112 144
57 83
75 278
111 180
86 296
54 243
15 269
40 108
92 145
30 270
138 226
56 273
120 186
11 196
142 270
82 148
152 215
197 299
175 263
51 96
154 298
154 258
34 291
15 117
9 269
130 291
4 193
128 257
144 246
25 154
26 196
142 210
86 293
111 298
118 287
37 145
75 276
18 197
140 202
32 236
128 233
165 180
46 179
19 242
69 185
20 48
155 193
101 125
133 289
50 215
96 295
53 96
55 116
1 218
39 131
83 200
120 297
108 176
28 105
36 98
20 203
8 120
82 109
202 216
155 223
205 262
18 86
104 207
111 201
44 98
61 169
116 207
162 238
138 178
181 269
195 270
145 226
4 96
128 141
40 201
202 227
16 163
17 76
16 60
175 193
84 171
38 81
5 143
13 88
48 290
227 262
56 221
192 214
84 275
164 236
72 205
95 235
78 227
16 177
60 152
197 290
203 261
32 285
31 123
81 209
137 246
181 186
112 114
17 253
33 37
121 222
143 149
185 274
204 271
25 36
84 211
63 192
129 134
144 218
81 114
154 267
25 104
92 157
26 60
96 149
141 237
182 232
3 118
157 247
58 240
63 241
29 261
78 187
56 196
184 297
55 272
32 77
121 135
248 282
111 173
45 153
37 119
38 261
199 207
176 243
62 134
57 128
7 229
71 134
11 224
47 163
27 299
247 293
60 239
167 215
153 287
139 172
128 178
179 287
142 284
165 179
3 109
51 249
52 80
43 124
73 256
164 211
93 119
106 236
32 168
74 288
203 289
31 91
50 273
50 123
63 228
229 248
54 265
81 241
3 53
140 251
50 235
56 225
91 195
38 259
69 236
41 51
28 152
6 204
128 235
132 174
13 30
158 201
67 284
128 173
144 182
105 228
48 153
12 230
16 110
218 240
44 176
92 196
9 297
39 45
92 190
163 243
125 161
136 201
12 44
83 179
66 257
153 159
240 266
217 289
39 48
150 249
105 163
232 241
203 280
244 283
230 268
49 183
199 289
41 196
74 165
23 128
132 186
172 276
107 271
168 299
278 291
25 103
20 165
55 256
142 246
54 250
14 96
1 204
35 169
253 295
56 173
145 176
129 293
158 236
147 247
18 23
4 46
193 241
219 257
125 211
152 280
132 204
22 210
124 235
35 85
31 116
51 95
53 231
161 252
68 259
67 114
2 18
94 152
96 231
18 57
53 184
12 268
1 21
198 282
13 16
159 277
43 164
188 249
214 228
16 126
125 142
14 248
29 266
139 295
222 283
6 223
246 297
107 120
51 92
148 231
69 262
11 139
17 208
122 235
128 224
174 202
57 145
95 142
156 247
60 255
177 221
72 233
53 103
172 195
91 200
35 227
35 139
167 278
129 245
214 289
84 165
184 238
123 189
52 92
85 241
87 153
48 254
46 269
22 36
19 204
102 267
50 129
24 280
6 293
152 218
102 200
80 104
85 182
223 231
6 270
123 202
183 297
60 118
57 181
41 95
42 50
8 179
136 244
28 297
106 165
99 270
79 205
152 191
60 107
50 294
163 175
80 176
85 179
46 171
172 284
235 265
246 280
5 297
44 215
120 215
56 102
17 288
8 284
57 186
245 286
14 134
196 198
89 230
107 148
187 292
47 278
22 83
149 299
120 174
99 160
39 173
151 244
218 239
259 289
141 230
29 229
154 197
131 213
150 182
228 296
118 247
16 132
152 282
4 137
7 38
4 281
163 241
24 93
26 48
288 292
15 37
21 253
61 264
52 218
264 279
125 213
58 92
216 227
12 23
196 219
29 123
138 182
243 277
229 280
129 140
116 124
178 278
42 185
35 288
131 234
45 228
90 137
37 113
88 200
75 171
127 243
218 245
182 252
45 110
159 239
103 168
174 259
247 275
22 169
151 286
47 74
60 123
102 185
74 75
283 284
25 97
8 210
9 138
43 167
3 130
69 95
67 157
189 249
20 83
68 235
44 291
202 276
10 45
11 119
147 192
130 137
144 187
130 283
56 171
12 198
67 268
30 116
134 221
194 203
61 228
64 208
209 251
145 171
170 226
12 217
137 138
108 298
31 138
130 260
226 274
68 202
118 217
18 102
106 162
247 248
115 205
171 277
150 199
166 273
92 122
21 217
174 285
72 128
24 157
15 200
14 74
82 240
15 97
107 222
176 221
66 231
107 166
40 82
222 229
69 272
62 277
88 122
190 237
118 135
82 196
41 203
183 212
149 164
14 264
41 208
90 167
109 163
3 61
40 136
85 123
45 285
240 294
54 291
40 251
42 204
32 165
12 294
58 263
4 16
21 189
109 182
12 88
120 264
82 120
143 215
109 261
8 221
159 163
142 294
24 99
4 169
37 192
12 109
141 160
139 187
12 273
45 209
85 162
56 132
223 257
185 206
214 274
4 33
113 264
119 190
2 234
77 221
104 242
78 87
219 299
40 103
145 268
91 98
151 218
48 115
189 241
113 271
106 261
54 206
124 281
144 202
10 226
33 269
108 115
194 272
16 145
98 197
180 235
46 182
144 147
128 216
45 174
43 243
152 225
24 112
189 250
182 192
37 67
1 169
133 225
58 234
74 276
160 170
161 213
10 139
5 105
25 130
12 73
245 294
125 141
197 209
65 274
219 277
30 156
127 149
93 112
23 56
169 288
55 162
156 239
84 278
31 114
64 263
20 286
109 205
86 247
78 160
205 280
1 28
6 160
93 227
29 30
39 208
159 263
61 200
172 259
82 268
66 85
203 246
11 244
15 93
281 298
49 135
170 233
48 96
75 174
137 291
3 300
49 149
103 230
208 251
150 179
62 270
11 258
156 235
5 190
105 279
25 69
100 208
12 128
43 280
161 237
15 17
133 254
80 149
40 236
216 242
115 251
4 166
22 84
99 291
168 170
71 141
249 254
110 254
99 193
10 88
129 145
57 233
182 264
11 184
186 270
24 105
40 233
2 115
135 191
96 192
78 190
167 287
92 223
196 264
182 190
108 172
101 201
44 267
120 289
12 250
106 141
182 214
284 291
6 217
162 296
25 230
227 292
80 282
58 84
39 110
128 208
29 159
38 202
50 92
2 64
46 213
100 256
199 247
126 157
151 183
125 278
38 82
10 190
237 264
11 225
10 175
145 190
86 142
63 66
223 271
96 287
122 137
77 109
97 270
141 163
22 170
41 279
161 286
248 294
64 201
32 52
90 234
29 44
39 119
196 273
155 203
94 137
27 150
65 139
18 237
173 211
86 207
233 271
71 188
91 282
165 289
65 232
34 64
149 186
96 212
21 204
116 188
123 260
164 167
2 134
70 92
6 116
189 299
212 257
165 190
60 146
130 253
207 268
38 190
99 119
87 106
185 200
130 203
82 113
260 266
174 210
128 279
24 193
14 229
164 223
171 274
46 110
13 186
237 245
161 194
43 139
49 127
84 205
83 229
19 255
190 205
112 229
1 276
95 251
193 228
59 192
128 265
171 292
122 251
17 85
50 100
42 270
30 258
28 273
37 123
168 266
81 228
70 266
54 178
178 265
26 35
7 64
147 266
155 179
230 233
160 235
133 252
197 231
57 297
153 168
20 45
280 284
115 241
191 280
4 31
89 184
37 223
2 159
72 280
135 300
19 165
185 220
23 157
129 300
137 224
17 169
8 188
220 267
213 265
140 171
144 215
78 242
85 213
161 210
36 130
172 244
23 103
171 296
71 233
32 283
27 31
120 287
165 267
5 206
119 196
33 235
14 208
192 238
39 262
78 147
165 268
204 254
81 200
215 244
139 273
50 120
6 60
80 132
9 39
108 180
33 276
226 293
169 276
22 232
17 58
186 245
80 189
105 189
93 128
121 167
88 90
26 156
187 242
162 282
13 131
176 294
55 71
29 42
80 263
10 230
220 296
50 197
8 105
210 280
18 207
108 256
154 190
218 263
72 278
201 272
8 255
258 263
101 109
161 296
133 223
121 207
45 54
115 138
98 107
53 250
39 80
62 218
139 287
31 286
43 130
158 270
30 41
14 238
262 270
64 173
168 238
244 246
71 286
144 243
35 164
145 167
50 79
31 230
53 219
86 164
20 295
141 253
137 145
64 157
12 62
26 202
77 112
52 298
101 108
153 228
80 271
170 200
118 276
175 248
246 265
5 232
145 239
43 141
94 182
149 287
74 77
229 295
27 54
94 100
227 229
94 239
10 34
48 202
30 70
37 79
76 226
24 103
149 220
86 244
113 185
96 270
68 100
161 225
91 217
31 163
33 141
56 260
96 103
28 115
19 209
130 221
137 147
231 265
108 203
43 140
123 192
148 261
11 13
31 181
36 51
8 177
4 147
16 299
48 199
252 290
258 298
82 270
13 221
95 172
252 283
22 156
90 97
7 16
197 239
152 296
116 249
229 282
96 158
76 293
62 261
56 121
14 139
17 127
166 211
255 296
10 22
89 118
49 186
76 160
230 264
3 275
41 210
37 85
153 238
83 282
166 228
52 248
46 79
165 181
77 275
111 146
72 171
129 228
91 285
16 199
24 286
6 254
206 267
7 175
165 209
195 275
213 220
100 113
38 292
235 292
18 149
75 248
161 191
267 293
81 263
230 239
145 174
57 180
37 297
64 261
250 254
7 200
21 32
262 281
121 147
92 234
45 291
183 293
28 206
40 280
33 192
207 239
54 62
7 23
79 214
117 223
157 288
129 240
155 166
48 224
131 165
26 95
72 116
13 83
127 162
91 132
117 292
243 293
190 287
141 145
11 148
100 115
194 209
48 180
155 169
30 136
8 93
193 201
109 160
100 230
34 47
30 55
176 237
167 300
31 202
204 296
41 96
109 169
32 79
82 236
176 267
186 283
159 185
131 163
43 210
9 120
60 90
71 255
92 174
127 131
41 226
2 51
104 113
138 140
243 256
151 196
155 245
75 284
134 142
17 20
50 164
14 55
7 67
36 102
132 245
40 106
43 195
100 231
75 132
78 231
175 261
189 274
217 252
65 101
98 179
130 229
92 146
31 65
55 88
171 179
97 181
58 227
10 249
287 288
81 145
112 223
61 260
63 175
155 219
105 134
122 238
74 217
59 176
31 178
72 169
52 233
158 235
26 229
186 190
276 299
138 203
215 262
83 121
71 185
19 228
135 137
41 79
74 154
226 300
169 268
235 285
28 277
22 176
220 264
32 148
160 201
17 121
111 134
59 94
138 179
142 250
208 295
133 146
20 111
126 261
106 193
93 113
26 42
211 260
66 250
196 241
8 194
150 285
56 79
25 53
187 194
68 83
6 246
77 205
68 148
75 95
193 230
18 191
195 280
99 265
260 296
13 147
137 264
74 281
92 135
50 89
156 178
106 251
157 174
63 124
86 155
16 40
9 286
37 91
78 118
63 91
5 96
34 167
228 276
249 288
225 238
49 243
21 292
124 258
140 200
143 270
145 231
127 213
108 170
131 208
46 127
90 150
77 271
203 249
47 233
63 244
85 222
147 267
2 80
17 56
20 188
144 217
87 261
133 278
257 284
65 158
24 155
133 142
63 274
146 171
147 224
201 216
161 241
162 181
70 80
57 150
59 219
162 196
123 275
133 205
60 248
162 246
1 162
178 293
250 255
150 158
128 184
118 272
61 167
82 264
212 283
104 229
147 187
198 277
3 292
190 252
97 128
55 204
14 28
52 143
21 212
148 289
73 101
18 221
5 210
62 252
21 95
16 112
30 148
215 258
242 287
178 208
135 141
106 153
131 247
70 162
95 270
192 207
216 244
142 244
43 276
84 124
4 32
40 211
53 86
47 174
32 278
155 157
56 193
138 228
47 222
60 206
58 131
85 102
30 134
86 95
79 239
28 238
183 260
111 113
7 240
18 236
34 224
18 166
58 252
153 216
2 216
52 190
164 232
2 139
54 92
177 278
107 279
247 290
72 115
148 275
37 250
89 255
167 169
30 169
224 236
36 244
220 232
83 298
104 115
34 58
24 50
94 260
24 125
67 174
8 50
65 282
118 187
169 246
26 199
50 165
183 233
80 174
124 139
159 291
146 287
40 274
23 292
16 203
65 100
236 281
162 170
164 245
59 88
92 233
71 178
6 194
98 155
131 271
48 65
140 218
228 245
2 3
135 165
97 163
73 91
139 184
134 148
80 111
127 137
26 170
37 66
52 255
134 212
69 123
134 248
189 217
57 129
93 187
56 84
158 200
115 242
88 158
16 140
29 127
88 162
14 119
144 249
74 221
54 174
91 182
61 234
69 197
109 258
14 232
75 124
162 265
87 103
12 60
255 269
51 228
80 209
119 249
48 213
155 226
131 164
107 225
74 237
131 274
26 142
19 114
56 233
220 235
121 273
209 234
81 125
143 146
16 164
168 187
231 239
21 42
26 157
215 294
130 273
122 261
75 84
29 57
134 202
13 91
105 188
122 218
123 215
217 239
59 258
113 251
77 80
33 241
28 212
69 145
38 132
37 280
128 255
119 227
205 286
58 283
123 261
54 255
143 176
51 163
191 264
1 9
133 228
24 169
79 99
94 236
22 224
141 191
167 171
109 157
30 233
8 283
122 123
25 246
163 197
142 251
56 268
125 296
11 108
92 172
19 40
3 96
117 298
38 284
170 276
58 62
199 212
151 214
10 16
259 286
95 229
200 261
152 204
49 237
94 105
46 142
116 232
237 239
97 286
45 130
151 205
223 261
272 279
23 108
174 242
127 160
165 264
42 74
51 116
124 143
127 165
8 21
5 181
42 150
33 144
169 192
15 210
180 281
208 278
2 184
214 298
6 104
180 211
180 194
25 174
108 154
233 279
66 100
158 171
87 116
240 272
66 256
220 281
16 189
39 126
1 54
97 99
109 175
189 230
6 73
214 271
74 204
9 296
41 252
18 101
9 35
12 57
76 283
91 117
28 260
38 262
258 274
167 231
37 225
15 283
58 96
87 291
128 300
6 208
39 100
107 179
96 278
276 280
105 267
4 149
70 216
140 227
186 266
210 255
119 241
117 203
7 78
137 172
259 293
35 110
224 255
50 193
28 245
13 244
141 154
69 244
104 292
182 203
279 295
89 96
134 201
98 122
71 72
203 206
39 295
148 229
55 296
62 291
37 63
225 264
110 281
10 135
26 216
79 85
9 141
169 204
230 231
93 107
20 182
153 292
165 229
76 207
199 215
165 234
104 221
20 136
105 155
17 248
142 178
112 119
70 163
83 104
52 267
198 228
151 264
73 171
236 252
229 298
278 298
161 292
107 233
1 87
76 94
34 268
102 233
37 149
76 272
29 213
70 276
112 237
174 289
39 253
251 262
12 255
169 201
84 147
174 284
93 129
148 170
128 220
21 172
49 152
47 61
30 56
32 299
20 253
215 220
84 230
70 179
40 53
74 258
100 234
129 190
27 158
168 290
141 288
25 40
160 200
19 36
145 272
176 185
47 248
92 151
127 224
74 133
183 256
45 63
91 293
75 103
66 142
60 119
52 196
239 300
62 185
66 133
111 126
58 74
23 76
60 221
104 237
120 191
21 197
22 151
117 266
147 181
203 205
32 115
61 213
12 17
159 270
20 221
47 142
179 218
211 225
40 296
60 225
125 185
117 291
13 234
149 150
32 209
142 146
14 141
129 233
145 246
176 223
92 104
178 234
22 69
105 185
42 112
187 217
13 224
137 231
33 143
183 241
72 148
88 197
162 280
110 139
2 36
141 211
9 47
91 262
79 253
41 123
64 273
56 285
3 269
79 206
64 70
121 208
44 214
81 116
261 275
58 211
80 219
37 110
136 269
100 101
4 119
169 260
275 292
90 110
148 213
117 248
69 168
43 200
10 118
258 262
125 206
22 275
241 256
61 281
20 272
194 198
46 264
38 92
65 175
19 168
37 293
35 231
58 230
72 76
36 272
2 35
101 254
47 247
99 255
30 96
120 291
91 222
60 231
120 270
14 265
168 194
15 241
11 83
127 257
224 261
91 300
139 214
69 238
38 178
13 100
57 103
162 248
11 105
48 190
26 236
8 77
166 169
13 168
180 283
28 252
52 78
118 223
62 192
57 283
268 274
66 191
44 106
94 166
148 191
60 228
76 159
209 218
35 73
94 141
126 159
183 213
46 290
93 97
55 226
187 200
66 82
46 291
152 157
62 121
82 135
21 275
181 296
90 159
14 140
61 253
195 272
91 208
227 252
89 138
114 272
76 222
174 277
101 191
134 272
28 41
56 176
116 278
96 297
161 176
190 275
52 108
71 142
161 289
18 97
155 244
114 284
52 201
190 209
7 291
17 46
185 226
93 163
70 118
63 147
279 285
99 248
23 228
161 195
134 230
43 85
159 248
30 151
184 267
19 280
204 243
141 175
173 222
133 134
23 168
64 99
74 152
109 254
149 184
66 237
131 275
81 129
107 198
126 265
61 197
19 112
240 243
30 210
136 249
84 94
205 297
3 126
112 190
46 234
222 269
238 269
53 267
176 177
250 294
67 107
24 270
158 246
120 197
211 234
7 157
206 236
84 133
75 283
56 254
205 223
161 231
70 206
193 275
78 185
28 201
100 209
50 118
103 295
45 143
84 247
207 284
38 294
91 269
122 224
51 210
41 266
137 225
129 235
44 133
98 266
217 241
25 81
76 206
100 252
141 212
29 71
109 270
132 281
204 221
169 287
214 234
130 264
2 128
97 152
81 149
80 175
20 297
90 209
212 260
48 62
195 286
242 247
30 200
66 119
185 290
124 174
65 113
100 118
66 205
25 113
2 235
50 88
213 246
109 145
3 156
63 93
76 98
161 163
28 66
211 272
54 135
155 249
84 218
212 285
151 242
71 287
86 178
197 198
154 217
1 41
114 195
124 277
110 205
149 153
110 149
114 262
77 129
123 236
57 159
270 288
131 138
285 293
54 152
59 228
65 80
166 181
106 239
167 295
74 151
145 219
72 138
109 174
94 184
65 161
183 227
30 217
158 240
15 288
113 237
15 66
100 249
97 140
28 95
279 297
30 255
110 203
211 248
231 258
20 130
133 299
13 222
51 134
185 256
142 262
17 207
23 140
147 209
200 276
159 279
121 221
72 279
105 149
54 203
46 76
53 163
187 270
72 92
17 162
266 273
216 295
129 176
168 214
3 125
48 211
221 290
166 290
61 221
45 111
110 124
98 136
37 78
31 212
223 249
142 206
205 264
5 256
31 157
41 140
33 245
83 151
80 269
7 244
25 47
93 255
80 128
161 290
180 274
105 223
202 248
27 224
160 251
198 203
69 147
220 297
275 276
196 248
19 275
123 165
27 292
93 226
33 208
33 185
99 173
4 254
156 286
57 116
25 261
116 137
183 196
76 135
49 116
220 238
128 168
71 249
98 184
53 171
119 136
98 287
8 58
210 287
11 64
51 229
247 287
177 202
17 296
216 256
149 271
30 123
246 257
247 252
285 292
51 56
18 259
51 122
127 293
67 217
203 220
250 264
98 283
12 83
30 31
210 252
119 214
70 229
134 294
32 120
141 238
56 77
116 257
234 292
161 298
34 107
15 25
84 192
176 280
22 47
158 208
31 204
119 279
127 180
1 107
181 188
81 267
243 280
133 183
66 219
74 274
29 39
64 109
45 46
143 144
51 101
100 287
155 209
258 299
24 203
31 118
2 53
200 208
141 162
37 62
4 201
41 103
258 289
2 91
134 186
222 266
62 216
185 275
100 112
49 200
90 211
24 297
65 102
199 245
105 236
97 112
57 197
94 174
67 235
226 231
67 245
9 126
23 171
46 296
145 274
71 116
28 229
156 197
18 289
82 274
39 151
122 294
81 146
183 246
196 287
124 292
96 285
98 213
172 275
236 268
133 219
25 44
152 161
117 219
242 274
45 279
154 220
170 198
115 149
106 235
184 300
207 297
18 235
81 206
39 124
65 195
63 281
153 253
195 202
32 159
53 98
110 132
152 248
90 124
19 222
75 98
65 125
2 170
15 197
122 245
170 225
47 201
31 223
80 205
136 174
197 226
100 237
98 222
4 270
85 300
1 119
12 189
197 292
193 207
182 298
215 243
97 206
55 258
135 216
155 222
107 298
86 197
159 207
123 256
93 100
89 245
59 125
86 209
35 195
40 223
58 218
27 34
131 279
82 155
166 188
14 116
79 236
33 228
23 32
232 247
22 286
65 105
110 209
184 283
69 110
125 272
55 181
195 209
31 295
118 260
207 298
215 276
15 267
72 271
186 287
90 182
69 295
196 278
110 150
91 259
29 187
97 178
90 134
67 277
270 284
123 159
126 155
12 181
35 102
106 207
65 241
103 269
43 238
158 227
111 118
206 242
90 105
120 219
123 254
69 125
90 208
61 173
41 105
117 270
5 285
95 260
6 57
14 36
42 91
3 194
259 269
162 299
142 157
209 222
79 263
3 283
8 138
58 192
17 25
162 228
148 168
132 224
172 207
50 172
140 168
248 273
77 81
87 186
52 82
161 256
82 294
155 205
148 209
162 176
109 288
267 286
38 256
62 195
136 248
49 130
44 254
37 166
14 235
50 290
29 206
252 299
77 93
61 220
3 203
175 229
225 297
47 252
244 247
20 229
57 131
88 184
218 221
47 52
57 85
56 241
24 204
95 120
74 208
157 232
20 194
16 264
68 157
18 233
18 141
209 297
45 166
124 153
6 82
51 147
19 285
9 82
119 294
72 287
146 228
82 193
62 217
157 240
200 278
6 288
176 274
74 142
158 185
49 265
10 163
209 286
206 239
110 116
18 169
151 232
131 203
63 283
118 143
214 295
55 219
64 188
43 231
215 290
158 229
114 200
115 293
54 124
24 259
83 123
175 178
89 252
27 253
164 241
9 201
176 248
64 105
100 219
214 284
40 200
75 223
40 192
88 257
153 164
1 39
38 205
143 167
81 202
153 192
98 119
30 184
159 267
91 247
124 288
94 290
17 106
101 229
40 169
81 106
152 285
222 232
142 191
144 227
92 139
252 287
206 222
221 230
14 282
144 221
35 78
152 263
10 127
89 161
113 293
162 224
18 260
10 100
242 280
47 263
67 164
120 209
36 166
148 180
52 246
199 267
143 250
209 274
12 77
51 286
200 204
66 141
3 142
90 271
40 178
30 198
199 202
53 265
54 240
68 114
63 78
218 293
29 36
96 174
22 152
216 252
2 132
138 225
104 279
148 299
38 250
84 213
127 269
125 257
8 128
111 250
63 265
17 73
49 87
210 227
38 191
143 151
126 249
65 71
130 262
87 209
56 105
99 137
73 216
257 296
54 113
140 159
45 106
150 183
3 155
49 211
34 85
43 49
245 273
24 53
52 194
2 284
151 243
14 43
111 185
191 249
33 298
96 155
20 107
179 286
73 166
113 294
77 83
295 300
164 260
70 153
36 135
2 28
158 195
109 204
145 252
172 290
165 241
134 164
6 39
35 77
34 70
61 156
39 43
26 263
95 274
185 261
11 87
176 199
120 160
72 219
12 47
212 254
140 219
52 243
22 288
189 267
137 206
67 135
25 126
81 134
8 199
202 283
37 72
96 272
3 79
10 115
45 262
26 146
190 263
110 283
79 165
44 156
16 90
272 274
76 292
85 87
71 101
128 244
150 160
52 222
40 237
28 270
58 258
115 220
7 25
43 102
156 266
181 256
85 165
237 257
87 289
7 92
87 102
129 299
107 229
271 294
80 245
123 181
102 210
44 108
81 215
54 198
276 283
111 253
27 71
14 113
12 283
140 276
165 206
48 54
175 186
256 296
74 297
88 261
89 178
173 260
16 222
70 240
6 292
9 177
83 247
166 209
127 246
249 270
228 289
40 221
45 125
5 168
125 191
173 254
58 64
56 142
119 236
107 142
1 223
113 142
54 221
46 181
29 92
167 210
29 114
154 212
287 293
160 273
126 218
11 123
30 95
108 232
131 263
43 86
2 27
44 242
11 52
94 156
86 108
39 229
140 270
80 162
149 257
27 166
204 242
4 72
6 155
95 124
83 94
105 190
100 200
29 183
159 224
74 125
120 126
17 87
126 255
5 219
81 233
160 233
194 294
159 200
64 202
44 232
45 227
102 195
27 101
171 273
173 239
20 171
85 231
153 176
163 259
205 298
53 55
151 276
19 220
146 259
166 262
200 290
56 71
83 122
143 166
28 166
69 229
41 159
63 109
74 95
169 237
129 157
260 300
124 161
36 243
82 209
195 253
55 239
1 139
84 117
97 129
5 200
220 237
51 139
84 280
19 224
84 282
38 270
102 183
7 89
144 199
113 287
9 66
73 212
199 242
200 226
21 130
111 122
177 217
47 238
32 178
30 91
54 222
205 271
85 211
138 156
104 266
180 242
203 252
212 275
28 134
7 197
2 273
19 124
99 267
202 288
155 172
40 111
57 192
127 155
38 185
247 286
4 165
70 138
122 150
124 157
131 230
2 129
106 226
15 227
37 89
206 241
53 106
16 238
28 159
31 50
222 264
20 99
10 218
96 113
145 165
81 194
72 226
234 253
8 68
51 77
87 286
57 296
109 156
188 265
57 154
60 167
213 273
145 300
168 246
60 298
117 167
180 197
125 149
276 293
98 116
47 90
135 277
96 213
45 235
168 298
143 235
54 107
51 136
94 128
251 271
136 247
138 297
101 215
103 282
70 132
100 192
171 187
55 112
17 251
235 299
79 181
8 45
23 293
58 88
88 246
78 289
12 297
28 253
130 226
34 193
65 283
227 259
95 112
83 210
147 210
58 246
27 279
213 287
106 154
1 254
135 279
152 219
150 298
12 193
266 298
100 144
55 73
103 273
115 146
26 90
28 202
47 280
196 205
111 234
161 244
153 157
158 247
77 253
98 285
35 276
71 183
131 158
167 289
30 81
106 220
121 235
226 280
11 227
47 135
60 192
86 208
99 178
33 105
56 177
70 133
141 235
220 271
77 130
61 207
61 222
11 182
187 243
1 220
43 95
195 297
53 143
135 144
100 245
30 139
144 268
74 82
152 203
199 236
126 178
104 174
18 194
154 196
18 164
12 104
181 205
71 106
128 282
1 176
167 265
91 155
5 270
75 181
253 275
222 224
8 96
53 198
108 182
241 249
252 266
17 170
223 236
14 200
117 208
11 12
114 259
228 239
145 245
26 172
199 296
21 115
26 119
15 192
112 161
60 246
21 164
2 106
39 221
92 179
2 241
123 291
30 64
141 169
2 226
126 271
61 130
160 241
57 215
154 155
128 214
62 128
3 221
70 257
120 261
10 295
247 262
176 254
8 262
14 98
66 121
90 288
61 237
9 290
250 290
89 265
27 256
78 114
4 285
205 254
147 300
24 218
111 255
52 292
14 242
94 192
107 182
20 156
144 196
37 240
34 258
41 215
44 81
68 241
23 49
128 130
20 245
81 119
176 241
44 142
42 128
26 270
10 111
25 250
31 193
21 181
120 177
12 276
108 128
32 126
29 171
146 249
7 282
59 214
20 63
97 226
260 295
70 211
67 179
226 268
77 268
102 186
136 274
65 171
38 175
63 262
125 215
166 177
56 224
131 242
61 243
1 202
70 171
11 268
10 71
162 256
4 174
172 229
49 250
18 50
181 200
87 224
156 179
33 288
25 179
175 216
1 97
6 255
209 230
163 220
210 285
107 174
58 291
10 254
71 279
56 61
119 202
128 131
94 187
266 274
138 149
58 89
45 99
134 276
171 252
31 183
25 91
198 210
85 183
142 168
13 193
140 180
60 266
74 171
131 171
60 182
33 77
177 188
211 291
64 118
231 252
81 289
8 122
58 151
123 253
87 218
6 237
223 286
27 250
87 113
201 232
22 163
77 137
198 207
205 287
40 44
107 210
11 16
148 242
31 176
158 293
39 41
46 64
128 138
68 219
80 210
119 282
86 239
5 12
213 224
149 224
36 178
27 55
233 298
21 264
23 165
130 178
247 264
99 109
213 241
69 89
40 70
60 233
158 239
51 176
7 87
42 147
118 168
50 227
16 30
21 25
73 143
70 74
222 249
11 229
150 263
220 241
13 31
62 119
109 272
29 134
237 288
107 128
185 216
82 216
68 115
105 166
38 64
64 180
181 259
31 267
271 289
29 78
18 72
91 234
173 241
58 292
150 262
15 219
102 162
228 249
55 206
13 111
53 71
13 295
4 287
11 234
78 194
104 282
26 125
186 237
7 177
66 68
73 232
40 263
59 232
83 259
14 288
3 83
142 266
148 267
68 125
98 115
85 249
6 24
25 96
14 274
11 66
209 250
45 147
108 111
239 262
118 163
57 272
31 262
28 160
171 195
107 115
37 150
187 251
115 130
54 103
17 111
114 193
43 151
208 220
214 218
37 292
138 258
62 72
102 265
20 64
182 187
38 212
61 101
120 138
133 151
142 247
99 223
116 241
21 153
85 109
8 39
168 200
235 258
196 236
77 176
20 46
83 273
65 287
38 104
195 229
25 48
35 184
98 277
4 17
179 259
146 224
41 200
157 257
108 223
112 226
162 273
174 296
121 248
58 254
9 254
79 202
213 217
15 90
47 288
162 164
194 278
150 284
185 231
92 93
187 289
189 235
281 295
71 216
98 123
65 242
18 33
261 265
273 277
50 170
191 202
14 42
195 276
96 263
130 195
157 245
98 278
53 177
95 137
134 267
247 253
221 225
32 296
33 56
51 276
173 204
159 281
156 263
19 236
166 279
124 169
98 190
22 206
254 265
147 253
182 193
127 236
97 208
34 151
48 298
72 234
103 242
160 209
25 295
59 282
268 290
27 259
103 253
148 228
100 213
132 215
61 256
33 79
94 234
114 247
190 300
200 285
164 229
83 296
4 12
11 254
125 299
155 291
131 285
41 184
160 246
51 124
56 257
25 49
57 269
25 169
26 98
3 245
170 229
37 265
101 251
118 295
219 263
83 294
125 172
236 293
120 266
99 182
99 151
58 202
205 268
112 265
214 285
200 238
210 261
133 295
99 289
41 150
134 291
28 36
191 216
78 268
233 255
19 187
80 277
5 238
15 177
265 282
201 231
222 275
195 291
19 171
150 273
62 278
141 190
181 194
182 280
61 257
218 253
183 265
13 40
2 22
262 299
25 195
252 289
121 172
69 290
157 190
26 278
79 187
138 246
184 259
3 205
6 17
35 213
35 105
137 245
13 26
139 263
246 252
11 247
154 250
9 84
12 119
25 150
167 202
93 294
34 139
119 184
189 243
168 251
6 167
220 272
9 92
88 170
204 247
250 257
68 244
119 170
186 194
229 287
117 142
201 299
218 291
62 243
67 248
135 206
1 126
170 258
45 241
144 208
122 153
12 65
128 209
196 267
94 212
46 288
81 85
73 262
121 279
64 172
158 274
135 202
65 141
47 213
4 249
88 262
29 215
66 188
126 286
168 220
137 141
34 62
32 152
66 102
166 272
85 228
137 243
83 114
52 207
196 202
2 99
269 280
38 108
100 104
254 261
73 128
3 146
193 206
140 285
65 240
119 164
145 181
37 271
151 213
34 235
51 167
204 276
3 169
238 265
112 156
207 211
76 127
61 73
40 163
84 246
156 212
10 164
7 8
77 165
64 167
65 215
139 140
20 197
92 204
60 77
39 141
89 297
181 300
32 220
47 270
70 247
35 272
83 288
198 275
32 295
51 213
150 248
48 280
228 243
237 238
146 193
108 290
156 205
51 287
91 123
93 242
5 215
115 150
18 148
42 90
202 281
132 254
4 51
164 218
97 183
39 104
9 155
196 300
82 86
131 295
197 214
42 45
6 72
214 250
188 204
249 271
253 270
134 135
226 292
33 108
13 267
67 216
58 125
89 100
61 299
25 134
143 159
23 263
102 260
217 278
242 295
229 296
4 6
173 190
75 280
84 114
25 140
45 127
14 278
119 189
168 274
45 210
24 178
19 102
211 277
90 212
47 152
57 104
7 202
20 66
96 160
99 194
124 136
2 70
215 273
125 144
205 230
107 129
60 173
179 242
117 280
65 97
140 225
21 64
232 288
86 180
61 120
46 230
53 63
97 229
31 290
34 131
87 188
157 260
32 67
202 209
195 264
128 263
266 275
69 134
11 166
134 213
148 226
152 262
81 226
187 276
129 226
9 43
83 101
161 235
42 278
36 209
145 216
138 171
130 138
31 34
77 198
78 140
72 196
95 118
78 188
13 108
88 185
15 60
113 240
220 233
85 101
201 279
82 300
168 233
93 272
78 85
16 182
50 259
61 75
20 172
71 121
42 129
29 128
173 292
94 214
115 287
59 63
7 59
10 126
191 272
228 300
193 225
48 168
149 293
286 292
14 257
203 298
204 244
180 207
253 258
68 150
52 105
1 65
130 231
118 228
101 121
101 203
180 202
124 150
55 222
40 75
39 261
30 175
172 277
26 143
124 182
209 268
51 216
135 195
186 297
179 250
23 268
24 97
3 134
106 293
255 289
79 270
27 190
105 285
265 275
82 298
99 258
181 282
45 293
81 239
108 218
57 203
253 292
48 64
72 252
195 267
170 228
6 8
154 278
185 198
48 248
120 184
140 242
2 25
206 293
195 246
123 250
46 134
152 267
254 281
164 230
123 293
34 88
63 168
26 226
203 272
62 109
32 288
9 241
73 191
125 225
23 38
249 298
103 183
93 139
19 72
9 187
212 216
147 217
187 199
86 170
203 254
121 230
198 251
110 159
166 189
221 298
15 186
8 114
103 118
227 293
155 242
97 172
28 196
110 119
166 220
82 213
142 293
116 231
54 98
39 62
88 152
31 67
36 284
7 182
108 141
113 187
263 290
115 266
166 179
52 98
197 213
4 173
63 256
97 173
23 37
181 214
224 300
250 260
60 256
38 54
148 268
12 50
83 291
14 89
55 113
260 272
100 273
84 220
6 296
13 123
10 76
44 100
220 229
131 224
202 273
197 279
184 263
100 171
22 174
28 92
153 266
146 185
137 289
74 85
79 277
252 267
56 157
84 138
152 226
39 133
57 77
251 260
116 173
106 225
47 299
175 190
125 168
37 64
164 166
80 148
55 216
121 254
77 175
10 266
234 263
48 161
29 46
71 204
166 280
175 204
68 295
156 278
143 249
35 132
73 207
115 224
109 253
179 209
94 238
210 269
38 124
50 51
8 229
32 44
163 179
120 276
1 207
249 295
7 203
251 255
51 149
63 193
146 189
20 121
44 189
122 271
181 231
237 299
36 116
69 222
24 277
28 221
169 230
219 246
56 99
180 251
96 117
115 288
158 190
37 206
29 97
11 132
42 143
75 298
42 110
3 247
8 300
103 169
136 145
68 233
65 88
43 66
3 284
158 296
95 195
107 165
69 107
27 285
126 262
76 103
36 92
71 123
124 132
17 23
45 55
28 257
99 188
225 249
238 281
41 233
64 262
148 227
119 228
187 191
148 240
34 199
111 167
184 247
33 286
1 130
77 91
182 231
8 299
59 285
84 87
113 123
133 224
95 171
4 94
202 298
223 289
49 267
33 131
14 260
215 233
3 175
97 221
13 209
11 208
201 296
211 233
106 284
108 175
86 160
172 222
199 227
41 141
163 172
193 233
20 39
277 293
88 206
129 180
135 209
28 254
17 71
16 170
208 265
132 140
174 282
73 228
114 293
23 265
80 279
61 199
129 135
193 212
19 94
92 128
133 191
38 58
26 225
81 121
52 188
19 189
31 188
73 131
245 270
5 123
102 273
126 186
51 65
195 258
41 153
37 172
46 48
94 276
204 214
147 237
101 282
168 171
110 266
8 144
155 294
186 209
6 262
134 145
114 232
190 207
92 166
84 199
254 292
144 256
197 259
46 106
232 298
195 261
97 219
74 261
30 280
80 261
5 45
83 144
147 219
10 67
25 99
83 188
89 242
149 292
94 153
193 242
131 169
26 109
114 254
209 248
70 119
5 290
60 179
12 225
140 204
78 159
81 245
83 190
122 298
114 187
42 58
215 226
98 296
158 285
227 282
204 225
154 163
128 274
58 171
7 135
15 182
33 193
157 282
182 222
139 201
46 229
103 294
91 273
68 198
160 183
65 92
136 250
178 194
1 53
259 262
26 210
235 271
62 183
229 245
279 286
119 201
2 94
152 230
69 232
47 249
126 211
169 285
137 223
110 153
71 84
242 267
143 220
173 284
64 155
100 198
57 76
25 89
219 271
45 200
37 90
204 239
25 233
67 70
240 291
214 299
165 172
169 277
82 156
144 171
15 239
13 233
17 256
96 249
64 280
120 201
227 255
202 264
15 282
79 269
41 106
246 296
262 271
104 169
6 251
99 117
41 290
7 296
190 230
70 181
89 274
80 199
25 297
55 61
108 216
185 250
34 288
8 115
72 77
38 123
44 294
172 230
86 157
26 292
7 211
26 62
14 122
224 231
40 115
54 127
48 279
146 261
208 227
171 210
39 75
214 215
39 127
161 280
81 193
36 133
49 251
200 231
282 293
231 247
188 200
93 154
50 299
83 95
16 71
240 250
79 88
46 294
9 239
89 277
133 227
19 262
14 298
12 266
232 274
213 266
182 195
2 203
54 272
76 237
2 242
132 172
141 250
94 206
9 115
23 232
107 160
197 234
63 213
172 177
26 208
102 230
4 88
61 71
90 282
196 274
17 81
65 179
25 296
165 300
198 235
6 156
53 88
186 252
192 220
67 132
153 246
65 146
108 183
142 260
137 212
146 150
45 86
17 155
209 256
67 196
118 160
84 197
26 82
131 173
68 261
118 259
31 221
223 227
53 190
65 157
73 246
98 108
155 176
108 165
183 222
56 94
92 188
40 292
162 217
146 207
206 259
10 124
66 145
7 118
92 156
263 299
113 196
102 145
170 231
1 203
162 292
25 64
202 247
265 292
84 212
116 224
49 109
17 157
16 285
174 186
220 282
34 225
180 215
115 193
101 248
6 41
27 95
50 112
85 298
150 278
7 188
86 165
267 289
92 162
74 79
16 82
24 261
130 286
75 90
25 267
93 152
136 173
101 130
29 186
141 266
153 242
17 62
169 231
16 104
134 229
40 248
99 118
93 182
72 100
147 211
67 264
27 151
190 242
174 175
155 295
15 203
149 151
18 267
71 92
98 201
15 291
3 197
45 292
117 244
179 189
5 175
92 216
119 272
46 262
100 278
38 115
152 283
69 80
14 23
38 198
14 46
85 270
61 229
51 117
12 70
161 275
161 165
35 298
25 217
265 281
72 220
110 248
81 96
7 41
104 255
113 265
118 221
106 152
27 127
103 111
139 218
156 230
90 181
90 141
56 244
20 276
8 248
49 281
232 261
103 271
118 239
140 281
5 172
13 179
77 233
143 162
56 154
48 286
184 292
129 237
156 227
39 92
20 41
6 121
102 262
118 264
29 250
235 262
32 128
35 172
89 107
15 82
175 275
49 99
14 45
73 270
95 287
120 242
106 199
232 300
28 247
95 227
60 104
117 206
106 216
45 61
56 186
49 199
114 160
124 218
93 130
70 272
2 239
53 58
219 253
211 220
48 219
19 193
4 142
151 180
110 212
6 75
148 187
35 221
131 226
173 273
35 266
9 228
196 197
89 207
291 299
32 58
132 150
42 172
167 272
138 183
138 267
214 255
111 232
8 277
61 282
150 181
26 206
148 287
108 228
99 243
93 118
170 295
197 206
104 296
269 298
2 131
14 130
128 150
62 298
29 162
123 169
205 250
151 169
205 265
73 181
59 131
96 141
55 285
14 15
237 297
205 276
128 232
149 251
24 147
187 247
45 259
34 155
82 220
192 250
149 188
160 263
146 241
116 139
126 293
102 146
73 141
9 62
125 177
106 269
5 151
204 238
4 108
45 263
213 260
52 96
24 234
212 221
39 132
132 244
49 220
146 210
241 284
194 243
68 181
8 40
165 265
62 108
26 275
33 51
104 139
141 261
131 168
13 293
122 132
25 238
4 23
51 61
57 137
104 134
270 285
162 194
59 238
23 57
6 135
90 244
31 256
65 245
21 76
28 284
80 184
139 147
74 149
41 45
11 40
198 211
267 283
236 296
150 258
123 135
57 261
106 253
78 80
61 108
135 283
3 15
137 192
147 250
9 280
109 300
284 299
64 244
43 91
20 180
154 181
8 62
201 203
51 170
19 32
30 118
262 286
47 243
15 212
35 49
23 44
10 63
263 281
178 290
163 294
120 188
21 222
219 266
86 151
61 118
73 290
59 117
149 189
62 137
75 180
14 39
205 277
188 256
109 256
21 230
94 233
64 214
8 289
110 276
44 105
79 286
117 241
18 179
226 247
212 231
19 196
188 228
183 270
123 143
70 95
76 152
171 223
48 186
18 60
51 252
138 289
93 108
173 283
45 256
47 275
30 86
118 128
72 247
93 232
181 223
246 262
42 183
26 178
114 198
44 104
37 281
89 287
82 106
74 202
66 183
103 176
9 90
15 287
49 300
141 150
103 204
10 227
17 276
2 66
78 249
16 72
229 234
212 295
128 269
130 211
116 200
5 133
119 204
123 252
158 226
168 270
20 25
186 263
152 228
271 288
111 155
274 300
96 290
159 293
54 286
120 281
23 117
27 268
226 248
167 222
170 241
39 70
84 98
67 294
27 237
25 71
103 180
51 123
93 179
18 268
15 190
85 277
151 201
69 241
203 247
49 298
28 62
72 163
191 236
49 203
15 157
83 93
71 273
141 151
52 95
90 176
131 200
195 268
167 176
62 175
108 245
92 176
215 225
94 159
15 169
114 257
114 146
149 203
121 260
108 190
45 215
124 300
114 127
253 262
54 121
184 255
92 103
241 296
118 245
87 254
55 300
125 219
100 201
147 206
56 250
148 230
121 186
203 274
134 240
64 75
22 260
122 151
20 196
175 202
79 174
50 68
36 191
6 269
9 182
138 218
64 130
2 133
96 258
109 128
48 177
110 162
49 283
6 143
148 296
132 219
94 101
177 277
90 187
36 112
170 267
106 125
217 279
203 243
135 272
54 230
94 270
162 258
97 210
173 238
122 129
170 264
6 139
29 82
107 200
7 12
68 93
56 243
79 137
210 213
219 248
201 264
120 256
93 204
147 163
257 273
170 273
65 253
29 177
19 269
59 143
127 181
21 134
77 85
201 228
192 231
230 282
82 102
224 228
75 291
107 156
14 239
32 78
180 253
134 252
67 281
112 279
149 249
167 247
55 148
77 248
166 167
146 213
70 186
74 88
17 139
110 161
97 196
16 212
92 213
159 166
39 196
109 118
77 100
179 240
89 260
101 171
18 296
51 260
277 297
74 106
81 269
29 58
55 230
52 122
87 299
116 166
75 161
285 291
24 207
90 286
98 223
18 105
3 227
200 260
16 27
22 24
55 115
122 259
33 132
229 271
101 131
151 251
139 192
61 64
273 291
89 229
199 262
192 249
41 147
59 290
134 299
140 258
210 295
129 200
114 221
6 177
51 200
214 277
30 49
201 254
116 133
291 297
27 220
168 272
233 243
30 267
53 196
132 188
46 89
79 222
111 258
7 300
42 103
199 272
2 196
70 155
175 241
73 231
78 206
88 168
23 170
19 199
7 10
250 275
17 210
10 105
36 219
13 45
105 186
86 222
35 191
138 158
128 296
199 274
95 145
61 202
55 262
76 208
250 277
75 179
49 233
170 177
124 213
122 156
199 223
20 227
154 254
271 284
91 246
88 266
29 144
9 150
1 172
202 243
148 212
272 281
65 249
17 35
5 242
166 225
100 199
134 197
51 299
64 278
117 262
63 122
127 274
97 227
28 47
156 189
151 285
93 160
102 203
27 245
14 67
115 222
249 296
136 277
114 115
171 249
125 216
212 223
130 279
72 268
106 258
92 105
37 200
265 289
80 201
203 273
161 172
157 206
180 257
127 159
263 277
79 273
2 258
127 254
84 173
175 299
222 254
155 180
7 158
8 52
227 246
76 121
269 287
81 138
80 110
7 206
195 289
140 264
107 244
173 202
214 239
3 5
108 201
27 126
53 245
136 230
64 140
110 123
39 242
46 253
10 59
99 170
51 178
56 231
231 242
256 293
81 122
136 286
58 193
176 181
52 142
165 175
52 167
5 166
187 205
75 135
88 123
20 234
29 145
128 252
81 246
21 297
60 217
145 287
90 195
8 285
201 218
147 152
25 213
27 298
91 290
31 185
214 266
282 300
107 202
119 238
135 170
170 222
191 261
199 228
92 269
32 101
34 136
89 292
136 141
145 212
203 217
84 240
190 199
169 183
122 241
35 224
100 247
199 280
60 293
90 130
39 91
190 219
116 280
80 241
12 146
97 170
61 210
53 279
41 284
99 142
183 254
34 132
27 240
167 286
50 224
83 232
64 199
103 229
186 229
15 289
85 151
165 238
116 244
19 95
210 236
25 211
10 70
69 169
39 256
95 263
7 164
99 177
29 254
132 260
211 229
191 211
16 122
29 172
88 203
10 187
101 169
101 134
67 148
104 225
37 169
109 167
100 159
187 225
164 284
47 140
31 203
107 178
33 46
80 117
195 249
198 238
41 161
153 155
15 105
18 284
143 164
97 236
193 202
165 282
214 261
175 199
60 136
207 275
227 256
154 240
18 281
80 140
70 183
65 138
17 156
166 283
50 130
15 193
24 171
103 159
108 161
235 240
53 93
227 288
281 299
57 165
76 205
33 199
18 247
157 239
251 256
218 278
82 161
26 184
115 215
157 267
95 298
27 148
75 230
99 108
19 143
70 196
265 295
80 109
61 283
6 203
140 260
10 149
28 57
38 161
113 186
2 33
71 174
129 169
112 183
207 242
164 189
129 163
84 256
13 48
13 181
97 247
62 222
86 109
86 169
95 126
206 253
